date,n_factors
2014-02-11,14.0
2014-02-12,14.0
2014-02-13,14.0
2014-02-14,14.0
2014-02-18,14.0
2014-02-19,14.0
2014-02-20,14.0
2014-02-21,14.0
2014-02-24,14.0
2014-02-25,14.0
2014-02-26,14.0
2014-02-27,14.0
2014-02-28,14.0
2014-03-03,14.0
2014-03-04,14.0
2014-03-05,14.0
2014-03-06,14.0
2014-03-07,14.0
2014-03-10,14.0
2014-03-11,14.0
2014-03-12,14.0
2014-03-13,14.0
2014-03-14,14.0
2014-03-17,14.0
2014-03-18,14.0
2014-03-19,14.0
2014-03-20,14.0
2014-03-21,14.0
2014-03-24,14.0
2014-03-25,14.0
2014-03-26,14.0
2014-03-27,14.0
2014-03-28,14.0
2014-03-31,14.0
2014-04-01,14.0
2014-04-02,14.0
2014-04-03,14.0
2014-04-04,14.0
2014-04-07,14.0
2014-04-08,14.0
2014-04-09,14.0
2014-04-10,14.0
2014-04-11,14.0
2014-04-14,14.0
2014-04-15,14.0
2014-04-16,14.0
2014-04-17,14.0
2014-04-21,14.0
2014-04-22,14.0
2014-04-23,14.0
2014-04-24,14.0
2014-04-25,14.0
2014-04-28,14.0
2014-04-29,14.0
2014-04-30,14.0
2014-05-01,14.0
2014-05-02,14.0
2014-05-05,14.0
2014-05-06,14.0
2014-05-07,14.0
2014-05-08,14.0
2014-05-09,14.0
2014-05-12,14.0
2014-05-13,14.0
2014-05-14,14.0
2014-05-15,14.0
2014-05-16,14.0
2014-05-19,14.0
2014-05-20,14.0
2014-05-21,14.0
2014-05-22,14.0
2014-05-23,14.0
2014-05-27,14.0
2014-05-28,14.0
2014-05-29,14.0
2014-05-30,14.0
2014-06-02,14.0
2014-06-03,14.0
2014-06-04,14.0
2014-06-05,14.0
2014-06-06,14.0
2014-06-09,14.0
2014-06-10,14.0
2014-06-11,14.0
2014-06-12,13.0
2014-06-13,13.0
2014-06-16,13.0
2014-06-17,13.0
2014-06-18,13.0
2014-06-19,13.0
2014-06-20,13.0
2014-06-23,13.0
2014-06-24,13.0
2014-06-25,13.0
2014-06-26,13.0
2014-06-27,13.0
2014-06-30,13.0
2014-07-01,13.0
2014-07-02,13.0
2014-07-03,13.0
2014-07-07,13.0
2014-07-08,13.0
2014-07-09,13.0
2014-07-10,13.0
2014-07-11,13.0
2014-07-14,14.0
2014-07-15,14.0
2014-07-16,14.0
2014-07-17,14.0
2014-07-18,14.0
2014-07-21,14.0
2014-07-22,14.0
2014-07-23,14.0
2014-07-24,14.0
2014-07-25,14.0
2014-07-28,14.0
2014-07-29,14.0
2014-07-30,14.0
2014-07-31,14.0
2014-08-01,14.0
2014-08-04,14.0
2014-08-05,14.0
2014-08-06,14.0
2014-08-07,14.0
2014-08-08,14.0
2014-08-11,14.0
2014-08-12,13.0
2014-08-13,13.0
2014-08-14,13.0
2014-08-15,13.0
2014-08-18,13.0
2014-08-19,13.0
2014-08-20,13.0
2014-08-21,13.0
2014-08-22,13.0
2014-08-25,13.0
2014-08-26,13.0
2014-08-27,13.0
2014-08-28,13.0
2014-08-29,13.0
2014-09-02,13.0
2014-09-03,13.0
2014-09-04,13.0
2014-09-05,13.0
2014-09-08,13.0
2014-09-09,13.0
2014-09-10,13.0
2014-09-11,13.0
2014-09-12,13.0
2014-09-15,13.0
2014-09-16,13.0
2014-09-17,13.0
2014-09-18,13.0
2014-09-19,13.0
2014-09-22,13.0
2014-09-23,13.0
2014-09-24,13.0
2014-09-25,13.0
2014-09-26,13.0
2014-09-29,13.0
2014-09-30,13.0
2014-10-01,13.0
2014-10-02,13.0
2014-10-03,13.0
2014-10-06,13.0
2014-10-07,13.0
2014-10-08,13.0
2014-10-09,13.0
2014-10-10,13.0
2014-10-13,13.0
2014-10-14,13.0
2014-10-15,13.0
2014-10-16,13.0
2014-10-17,13.0
2014-10-20,13.0
2014-10-21,13.0
2014-10-22,13.0
2014-10-23,13.0
2014-10-24,13.0
2014-10-27,13.0
2014-10-28,13.0
2014-10-29,13.0
2014-10-30,13.0
2014-10-31,13.0
2014-11-03,13.0
2014-11-04,13.0
2014-11-05,13.0
2014-11-06,13.0
2014-11-07,13.0
2014-11-10,14.0
2014-11-11,14.0
2014-11-12,14.0
2014-11-13,14.0
2014-11-14,14.0
2014-11-17,14.0
2014-11-18,14.0
2014-11-19,14.0
2014-11-20,14.0
2014-11-21,14.0
2014-11-24,14.0
2014-11-25,14.0
2014-11-26,14.0
2014-11-28,14.0
2014-12-01,14.0
2014-12-02,14.0
2014-12-03,14.0
2014-12-04,14.0
2014-12-05,14.0
2014-12-08,14.0
2014-12-09,14.0
2014-12-10,14.0
2014-12-11,14.0
2014-12-12,14.0
2014-12-15,14.0
2014-12-16,14.0
2014-12-17,14.0
2014-12-18,14.0
2014-12-19,14.0
2014-12-22,14.0
2014-12-23,14.0
2014-12-24,14.0
2014-12-26,14.0
2014-12-29,14.0
2014-12-30,14.0
2014-12-31,14.0
2015-01-02,14.0
2015-01-05,14.0
2015-01-06,14.0
2015-01-07,14.0
2015-01-08,14.0
2015-01-09,14.0
2015-01-12,14.0
2015-01-13,14.0
2015-01-14,14.0
2015-01-15,14.0
2015-01-16,14.0
2015-01-20,14.0
2015-01-21,14.0
2015-01-22,14.0
2015-01-23,14.0
2015-01-26,14.0
2015-01-27,14.0
2015-01-28,14.0
2015-01-29,14.0
2015-01-30,14.0
2015-02-02,14.0
2015-02-03,14.0
2015-02-04,14.0
2015-02-05,14.0
2015-02-06,14.0
2015-02-09,14.0
2015-02-10,14.0
2015-02-11,14.0
2015-02-12,14.0
2015-02-13,14.0
2015-02-17,14.0
2015-02-18,14.0
2015-02-19,14.0
2015-02-20,14.0
2015-02-23,14.0
2015-02-24,14.0
2015-02-25,14.0
2015-02-26,14.0
2015-02-27,14.0
2015-03-02,14.0
2015-03-03,14.0
2015-03-04,14.0
2015-03-05,14.0
2015-03-06,14.0
2015-03-09,14.0
2015-03-10,14.0
2015-03-11,14.0
2015-03-12,14.0
2015-03-13,14.0
2015-03-16,14.0
2015-03-17,14.0
2015-03-18,14.0
2015-03-19,14.0
2015-03-20,14.0
2015-03-23,14.0
2015-03-24,14.0
2015-03-25,14.0
2015-03-26,14.0
2015-03-27,14.0
2015-03-30,14.0
2015-03-31,14.0
2015-04-01,14.0
2015-04-02,14.0
2015-04-06,14.0
2015-04-07,14.0
2015-04-08,14.0
2015-04-09,14.0
2015-04-10,14.0
2015-04-13,14.0
2015-04-14,14.0
2015-04-15,14.0
2015-04-16,14.0
2015-04-17,14.0
2015-04-20,14.0
2015-04-21,14.0
2015-04-22,14.0
2015-04-23,14.0
2015-04-24,14.0
2015-04-27,14.0
2015-04-28,14.0
2015-04-29,14.0
2015-04-30,14.0
2015-05-01,14.0
2015-05-04,14.0
2015-05-05,14.0
2015-05-06,14.0
2015-05-07,14.0
2015-05-08,14.0
2015-05-11,14.0
2015-05-12,14.0
2015-05-13,13.0
2015-05-14,13.0
2015-05-15,13.0
2015-05-18,13.0
2015-05-19,13.0
2015-05-20,13.0
2015-05-21,13.0
2015-05-22,13.0
2015-05-26,13.0
2015-05-27,13.0
2015-05-28,13.0
2015-05-29,13.0
2015-06-01,13.0
2015-06-02,13.0
2015-06-03,13.0
2015-06-04,13.0
2015-06-05,13.0
2015-06-08,13.0
2015-06-09,13.0
2015-06-10,13.0
2015-06-11,13.0
2015-06-12,13.0
2015-06-15,13.0
2015-06-16,13.0
2015-06-17,13.0
2015-06-18,13.0
2015-06-19,13.0
2015-06-22,13.0
2015-06-23,13.0
2015-06-24,13.0
2015-06-25,13.0
2015-06-26,13.0
2015-06-29,13.0
2015-06-30,13.0
2015-07-01,13.0
2015-07-02,13.0
2015-07-06,13.0
2015-07-07,13.0
2015-07-08,13.0
2015-07-09,13.0
2015-07-10,13.0
2015-07-13,13.0
2015-07-14,13.0
2015-07-15,13.0
2015-07-16,13.0
2015-07-17,13.0
2015-07-20,13.0
2015-07-21,13.0
2015-07-22,13.0
2015-07-23,13.0
2015-07-24,13.0
2015-07-27,13.0
2015-07-28,13.0
2015-07-29,13.0
2015-07-30,13.0
2015-07-31,13.0
2015-08-03,13.0
2015-08-04,13.0
2015-08-05,13.0
2015-08-06,13.0
2015-08-07,13.0
2015-08-10,13.0
2015-08-11,13.0
2015-08-12,14.0
2015-08-13,14.0
2015-08-14,14.0
2015-08-17,14.0
2015-08-18,14.0
2015-08-19,14.0
2015-08-20,14.0
2015-08-21,14.0
2015-08-24,14.0
2015-08-25,14.0
2015-08-26,14.0
2015-08-27,14.0
2015-08-28,14.0
2015-08-31,14.0
2015-09-01,14.0
2015-09-02,14.0
2015-09-03,14.0
2015-09-04,14.0
2015-09-08,14.0
2015-09-09,14.0
2015-09-10,14.0
2015-09-11,13.0
2015-09-14,13.0
2015-09-15,13.0
2015-09-16,13.0
2015-09-17,13.0
2015-09-18,13.0
2015-09-21,13.0
2015-09-22,13.0
2015-09-23,13.0
2015-09-24,13.0
2015-09-25,13.0
2015-09-28,13.0
2015-09-29,13.0
2015-09-30,13.0
2015-10-01,13.0
2015-10-02,13.0
2015-10-05,13.0
2015-10-06,13.0
2015-10-07,13.0
2015-10-08,13.0
2015-10-09,13.0
2015-10-12,14.0
2015-10-13,14.0
2015-10-14,14.0
2015-10-15,14.0
2015-10-16,14.0
2015-10-19,14.0
2015-10-20,14.0
2015-10-21,14.0
2015-10-22,14.0
2015-10-23,14.0
2015-10-26,14.0
2015-10-27,14.0
2015-10-28,14.0
2015-10-29,14.0
2015-10-30,14.0
2015-11-02,14.0
2015-11-03,14.0
2015-11-04,14.0
2015-11-05,14.0
2015-11-06,14.0
2015-11-09,14.0
2015-11-10,14.0
2015-11-11,14.0
2015-11-12,14.0
2015-11-13,14.0
2015-11-16,14.0
2015-11-17,14.0
2015-11-18,14.0
2015-11-19,14.0
2015-11-20,14.0
2015-11-23,14.0
2015-11-24,14.0
2015-11-25,14.0
2015-11-27,14.0
2015-11-30,14.0
2015-12-01,14.0
2015-12-02,14.0
2015-12-03,14.0
2015-12-04,14.0
2015-12-07,14.0
2015-12-08,14.0
2015-12-09,14.0
2015-12-10,13.0
2015-12-11,13.0
2015-12-14,13.0
2015-12-15,13.0
2015-12-16,13.0
2015-12-17,13.0
2015-12-18,13.0
2015-12-21,13.0
2015-12-22,13.0
2015-12-23,13.0
2015-12-24,13.0
2015-12-28,13.0
2015-12-29,13.0
2015-12-30,13.0
2015-12-31,13.0
2016-01-04,13.0
2016-01-05,13.0
2016-01-06,13.0
2016-01-07,13.0
2016-01-08,13.0
2016-01-11,13.0
2016-01-12,13.0
2016-01-13,13.0
2016-01-14,13.0
2016-01-15,13.0
2016-01-19,13.0
2016-01-20,13.0
2016-01-21,13.0
2016-01-22,13.0
2016-01-25,13.0
2016-01-26,13.0
2016-01-27,13.0
2016-01-28,13.0
2016-01-29,13.0
2016-02-01,13.0
2016-02-02,13.0
2016-02-03,13.0
2016-02-04,13.0
2016-02-05,13.0
2016-02-08,13.0
2016-02-09,13.0
2016-02-10,13.0
2016-02-11,13.0
2016-02-12,13.0
2016-02-16,13.0
2016-02-17,13.0
2016-02-18,13.0
2016-02-19,13.0
2016-02-22,13.0
2016-02-23,13.0
2016-02-24,13.0
2016-02-25,13.0
2016-02-26,13.0
2016-02-29,13.0
2016-03-01,13.0
2016-03-02,13.0
2016-03-03,13.0
2016-03-04,13.0
2016-03-07,13.0
2016-03-08,13.0
2016-03-09,13.0
2016-03-10,13.0
2016-03-11,13.0
2016-03-14,13.0
2016-03-15,13.0
2016-03-16,13.0
2016-03-17,13.0
2016-03-18,13.0
2016-03-21,13.0
2016-03-22,13.0
2016-03-23,13.0
2016-03-24,13.0
2016-03-28,13.0
2016-03-29,13.0
2016-03-30,13.0
2016-03-31,13.0
2016-04-01,13.0
2016-04-04,13.0
2016-04-05,13.0
2016-04-06,13.0
2016-04-07,13.0
2016-04-08,13.0
2016-04-11,13.0
2016-04-12,13.0
2016-04-13,13.0
2016-04-14,13.0
2016-04-15,13.0
2016-04-18,13.0
2016-04-19,13.0
2016-04-20,13.0
2016-04-21,13.0
2016-04-22,13.0
2016-04-25,13.0
2016-04-26,13.0
2016-04-27,13.0
2016-04-28,13.0
2016-04-29,13.0
2016-05-02,13.0
2016-05-03,13.0
2016-05-04,13.0
2016-05-05,13.0
2016-05-06,13.0
2016-05-09,13.0
2016-05-10,13.0
2016-05-11,13.0
2016-05-12,13.0
2016-05-13,13.0
2016-05-16,13.0
2016-05-17,13.0
2016-05-18,13.0
2016-05-19,13.0
2016-05-20,13.0
2016-05-23,13.0
2016-05-24,13.0
2016-05-25,13.0
2016-05-26,13.0
2016-05-27,13.0
2016-05-31,13.0
2016-06-01,13.0
2016-06-02,13.0
2016-06-03,13.0
2016-06-06,13.0
2016-06-07,13.0
2016-06-08,13.0
2016-06-09,13.0
2016-06-10,13.0
2016-06-13,13.0
2016-06-14,13.0
2016-06-15,13.0
2016-06-16,13.0
2016-06-17,13.0
2016-06-20,13.0
2016-06-21,13.0
2016-06-22,13.0
2016-06-23,13.0
2016-06-24,13.0
2016-06-27,13.0
2016-06-28,13.0
2016-06-29,13.0
2016-06-30,13.0
2016-07-01,13.0
2016-07-05,13.0
2016-07-06,13.0
2016-07-07,13.0
2016-07-08,13.0
2016-07-11,13.0
2016-07-12,13.0
2016-07-13,13.0
2016-07-14,13.0
2016-07-15,13.0
2016-07-18,13.0
2016-07-19,13.0
2016-07-20,13.0
2016-07-21,13.0
2016-07-22,13.0
2016-07-25,13.0
2016-07-26,13.0
2016-07-27,13.0
2016-07-28,13.0
2016-07-29,13.0
2016-08-01,13.0
2016-08-02,13.0
2016-08-03,13.0
2016-08-04,13.0
2016-08-05,13.0
2016-08-08,13.0
2016-08-09,13.0
2016-08-10,13.0
2016-08-11,13.0
2016-08-12,13.0
2016-08-15,13.0
2016-08-16,13.0
2016-08-17,13.0
2016-08-18,13.0
2016-08-19,13.0
2016-08-22,13.0
2016-08-23,13.0
2016-08-24,13.0
2016-08-25,13.0
2016-08-26,13.0
2016-08-29,13.0
2016-08-30,13.0
2016-08-31,13.0
2016-09-01,13.0
2016-09-02,13.0
2016-09-06,13.0
2016-09-07,13.0
2016-09-08,13.0
2016-09-09,13.0
2016-09-12,12.0
2016-09-13,12.0
2016-09-14,12.0
2016-09-15,12.0
2016-09-16,12.0
2016-09-19,12.0
2016-09-20,12.0
2016-09-21,12.0
2016-09-22,12.0
2016-09-23,12.0
2016-09-26,12.0
2016-09-27,12.0
2016-09-28,12.0
2016-09-29,12.0
2016-09-30,12.0
2016-10-03,12.0
2016-10-04,12.0
2016-10-05,12.0
2016-10-06,12.0
2016-10-07,12.0
2016-10-10,12.0
2016-10-11,13.0
2016-10-12,13.0
2016-10-13,13.0
2016-10-14,13.0
2016-10-17,13.0
2016-10-18,13.0
2016-10-19,13.0
2016-10-20,13.0
2016-10-21,13.0
2016-10-24,13.0
2016-10-25,13.0
2016-10-26,13.0
2016-10-27,13.0
2016-10-28,13.0
2016-10-31,13.0
2016-11-01,13.0
2016-11-02,13.0
2016-11-03,13.0
2016-11-04,13.0
2016-11-07,13.0
2016-11-08,13.0
2016-11-09,13.0
2016-11-10,13.0
2016-11-11,13.0
2016-11-14,13.0
2016-11-15,13.0
2016-11-16,13.0
2016-11-17,13.0
2016-11-18,13.0
2016-11-21,13.0
2016-11-22,13.0
2016-11-23,13.0
2016-11-25,13.0
2016-11-28,13.0
2016-11-29,13.0
2016-11-30,13.0
2016-12-01,13.0
2016-12-02,13.0
2016-12-05,13.0
2016-12-06,13.0
2016-12-07,13.0
2016-12-08,13.0
2016-12-09,14.0
2016-12-12,14.0
2016-12-13,14.0
2016-12-14,14.0
2016-12-15,14.0
2016-12-16,14.0
2016-12-19,14.0
2016-12-20,14.0
2016-12-21,14.0
2016-12-22,14.0
2016-12-23,14.0
2016-12-27,14.0
2016-12-28,14.0
2016-12-29,14.0
2016-12-30,14.0
2017-01-03,14.0
2017-01-04,14.0
2017-01-05,14.0
2017-01-06,14.0
2017-01-09,14.0
2017-01-10,14.0
2017-01-11,14.0
2017-01-12,14.0
2017-01-13,14.0
2017-01-17,14.0
2017-01-18,14.0
2017-01-19,14.0
2017-01-20,14.0
2017-01-23,14.0
2017-01-24,14.0
2017-01-25,14.0
2017-01-26,14.0
2017-01-27,14.0
2017-01-30,14.0
2017-01-31,14.0
2017-02-01,14.0
2017-02-02,14.0
2017-02-03,14.0
2017-02-06,14.0
2017-02-07,14.0
2017-02-08,14.0
2017-02-09,14.0
2017-02-10,13.0
2017-02-13,13.0
2017-02-14,13.0
2017-02-15,13.0
2017-02-16,13.0
2017-02-17,13.0
2017-02-21,13.0
2017-02-22,13.0
2017-02-23,13.0
2017-02-24,13.0
2017-02-27,13.0
2017-02-28,13.0
2017-03-01,13.0
2017-03-02,13.0
2017-03-03,13.0
2017-03-06,13.0
2017-03-07,13.0
2017-03-08,13.0
2017-03-09,13.0
2017-03-10,13.0
2017-03-13,13.0
2017-03-14,13.0
2017-03-15,13.0
2017-03-16,13.0
2017-03-17,13.0
2017-03-20,13.0
2017-03-21,13.0
2017-03-22,13.0
2017-03-23,13.0
2017-03-24,13.0
2017-03-27,13.0
2017-03-28,13.0
2017-03-29,13.0
2017-03-30,13.0
2017-03-31,13.0
2017-04-03,13.0
2017-04-04,13.0
2017-04-05,13.0
2017-04-06,13.0
2017-04-07,13.0
2017-04-10,13.0
2017-04-11,13.0
2017-04-12,13.0
2017-04-13,13.0
2017-04-17,13.0
2017-04-18,13.0
2017-04-19,13.0
2017-04-20,13.0
2017-04-21,13.0
2017-04-24,13.0
2017-04-25,13.0
2017-04-26,13.0
2017-04-27,13.0
2017-04-28,13.0
2017-05-01,13.0
2017-05-02,13.0
2017-05-03,13.0
2017-05-04,13.0
2017-05-05,13.0
2017-05-08,13.0
2017-05-09,13.0
2017-05-10,13.0
2017-05-11,13.0
2017-05-12,13.0
2017-05-15,13.0
2017-05-16,13.0
2017-05-17,13.0
2017-05-18,13.0
2017-05-19,13.0
2017-05-22,13.0
2017-05-23,13.0
2017-05-24,13.0
2017-05-25,13.0
2017-05-26,13.0
2017-05-30,13.0
2017-05-31,13.0
2017-06-01,13.0
2017-06-02,13.0
2017-06-05,13.0
2017-06-06,13.0
2017-06-07,13.0
2017-06-08,13.0
2017-06-09,13.0
2017-06-12,13.0
2017-06-13,13.0
2017-06-14,13.0
2017-06-15,13.0
2017-06-16,13.0
2017-06-19,13.0
2017-06-20,13.0
2017-06-21,13.0
2017-06-22,13.0
2017-06-23,13.0
2017-06-26,13.0
2017-06-27,13.0
2017-06-28,13.0
2017-06-29,13.0
2017-06-30,13.0
2017-07-03,13.0
2017-07-05,13.0
2017-07-06,13.0
2017-07-07,13.0
2017-07-10,13.0
2017-07-11,13.0
2017-07-12,13.0
2017-07-13,13.0
2017-07-14,13.0
2017-07-17,13.0
2017-07-18,13.0
2017-07-19,13.0
2017-07-20,13.0
2017-07-21,13.0
2017-07-24,13.0
2017-07-25,13.0
2017-07-26,13.0
2017-07-27,13.0
2017-07-28,13.0
2017-07-31,13.0
2017-08-01,13.0
2017-08-02,13.0
2017-08-03,13.0
2017-08-04,13.0
2017-08-07,13.0
2017-08-08,13.0
2017-08-09,13.0
2017-08-10,13.0
2017-08-11,14.0
2017-08-14,14.0
2017-08-15,14.0
2017-08-16,14.0
2017-08-17,14.0
2017-08-18,14.0
2017-08-21,14.0
2017-08-22,14.0
2017-08-23,14.0
2017-08-24,14.0
2017-08-25,14.0
2017-08-28,14.0
2017-08-29,14.0
2017-08-30,14.0
2017-08-31,14.0
2017-09-01,14.0
2017-09-05,14.0
2017-09-06,14.0
2017-09-07,14.0
2017-09-08,14.0
2017-09-11,14.0
2017-09-12,14.0
2017-09-13,14.0
2017-09-14,14.0
2017-09-15,14.0
2017-09-18,14.0
2017-09-19,14.0
2017-09-20,14.0
2017-09-21,14.0
2017-09-22,14.0
2017-09-25,14.0
2017-09-26,14.0
2017-09-27,14.0
2017-09-28,14.0
2017-09-29,14.0
2017-10-02,14.0
2017-10-03,14.0
2017-10-04,14.0
2017-10-05,14.0
2017-10-06,14.0
2017-10-09,14.0
2017-10-10,14.0
2017-10-11,14.0
2017-10-12,14.0
2017-10-13,14.0
2017-10-16,14.0
2017-10-17,14.0
2017-10-18,14.0
2017-10-19,14.0
2017-10-20,14.0
2017-10-23,14.0
2017-10-24,14.0
2017-10-25,14.0
2017-10-26,14.0
2017-10-27,14.0
2017-10-30,14.0
2017-10-31,14.0
2017-11-01,14.0
2017-11-02,14.0
2017-11-03,14.0
2017-11-06,14.0
2017-11-07,14.0
2017-11-08,14.0
2017-11-09,15.0
2017-11-10,15.0
2017-11-13,15.0
2017-11-14,15.0
2017-11-15,15.0
2017-11-16,15.0
2017-11-17,15.0
2017-11-20,15.0
2017-11-21,15.0
2017-11-22,15.0
2017-11-24,15.0
2017-11-27,15.0
2017-11-28,15.0
2017-11-29,15.0
2017-11-30,15.0
2017-12-01,15.0
2017-12-04,15.0
2017-12-05,15.0
2017-12-06,15.0
2017-12-07,15.0
2017-12-08,15.0
2017-12-11,15.0
2017-12-12,15.0
2017-12-13,15.0
2017-12-14,15.0
2017-12-15,15.0
2017-12-18,15.0
2017-12-19,15.0
2017-12-20,15.0
2017-12-21,15.0
2017-12-22,15.0
2017-12-26,15.0
2017-12-27,15.0
2017-12-28,15.0
2017-12-29,15.0
2018-01-02,15.0
2018-01-03,15.0
2018-01-04,15.0
2018-01-05,15.0
2018-01-08,15.0
2018-01-09,15.0
2018-01-10,15.0
2018-01-11,15.0
2018-01-12,15.0
2018-01-16,15.0
2018-01-17,15.0
2018-01-18,15.0
2018-01-19,15.0
2018-01-22,15.0
2018-01-23,15.0
2018-01-24,15.0
2018-01-25,15.0
2018-01-26,15.0
2018-01-29,15.0
2018-01-30,15.0
2018-01-31,15.0
2018-02-01,15.0
2018-02-02,15.0
2018-02-05,15.0
2018-02-06,15.0
2018-02-07,15.0
