component,eigenvalue,variance_share,cumulative_share,above_mp_edge,above_adjusted_edge
1,139.92124563334164,0.2989770205840633,0.2989770205840633,True,True
2,25.806655414022845,0.0551424260983394,0.3541194466824027,True,True
3,13.430557938653484,0.0286977733731912,0.3828172200555939,True,True
4,8.509263379649862,0.01818218670865355,0.40099940676424745,True,True
5,7.236287093034383,0.015462151908193122,0.41646155867244056,True,True
6,6.291646730509302,0.013443689595105343,0.42990524826754595,True,True
7,5.657850177581742,0.012089423456371241,0.44199467172391715,True,True
8,4.749856770073312,0.01014926660272075,0.4521439383266379,True,True
9,4.1860610955249244,0.008944574990437871,0.4610885133170758,True,True
10,3.6735727673321605,0.007849514460111453,0.46893802777718724,True,True
11,3.4720643401861238,0.007418940897833596,0.47635696867502086,True,True
12,3.124731545206895,0.006676776805997637,0.48303374548101846,True,True
13,3.0822324107158936,0.006585966689563873,0.48961971217058237,True,True
14,2.805756841830224,0.005995206926987656,0.49561491909757005,True,True
15,2.5871113935462526,0.005528015798175752,0.5011429348957458,False,True
16,2.4640167706336182,0.005264993099644482,0.5064079279953903,False,True
17,2.3953567329254115,0.005118283617361989,0.5115262116127522,False,True
18,2.365500676585348,0.005054488625182366,0.5165807002379347,False,True
19,2.211956139756209,0.004726402008026087,0.5213071022459608,False,True
20,2.1989809249248564,0.0046986771900103756,0.5260057794359712,False,True
21,2.1560329710881003,0.004606908057880555,0.5306126874938517,False,True
22,2.1395055193679156,0.004571592990102382,0.5351842804839541,False,True
23,2.0360346591369507,0.004350501408412287,0.5395347818923664,False,True
24,1.9892291913464473,0.004250489725099245,0.5437852716174656,False,True
25,1.9500117877540109,0.004166691854175236,0.5479519634716408,False,True
26,1.861066885449184,0.003976638644122187,0.551928602115763,False,True
27,1.830719926333545,0.003911794714387916,0.5558403968301509,False,True
28,1.7733433829194893,0.0037891952626484806,0.5596295920927994,False,False
29,1.7040279030106544,0.003641085262843278,0.5632706773556426,False,False
30,1.6832436298699305,0.0035966744227989957,0.5668673517784416,False,False
31,1.6311389546693953,0.0034853396467294765,0.5703526914251711,False,False
32,1.6127563831860414,0.003446060647833421,0.5737987520730045,False,False
33,1.6014471232118246,0.0034218955624184277,0.5772206476354229,False,False
34,1.5626279923247952,0.0033389487015487067,0.5805595963369715,False,False
35,1.5557887546278928,0.003324334945786095,0.5838839312827576,False,False
36,1.5370026584976493,0.003284193714738566,0.5871681249974963,False,False
37,1.5141218399551997,0.003235303076827349,0.5904034280743236,False,False
38,1.4930251715803777,0.003190224725599097,0.5935936527999226,False,False
39,1.4837728632573657,0.0031704548360200115,0.5967641076359426,False,False
40,1.4767783816233913,0.003155509362443143,0.5999196169983857,False,False
41,1.4500626924484763,0.0030984245565138374,0.6030180415548995,False,False
42,1.4438305969081275,0.003085108113051554,0.6061031496679511,False,False
43,1.4159586993491935,0.003025552776387165,0.6091287024443381,False,False
44,1.3925473743980057,0.0029755285777735155,0.6121042310221118,False,False
45,1.3742085371149937,0.00293634302802349,0.6150405740501352,False,False
46,1.360636505026684,0.002907342959458726,0.617947917009594,False,False
47,1.3456509631336384,0.002875322570798372,0.6208232395803923,False,False
48,1.3216817743235194,0.002824106355392135,0.6236473459357844,False,False
49,1.3154289337617722,0.002810745584961051,0.6264580915207455,False,False
50,1.3061083056773606,0.0027908297129858126,0.6292489212337313,False,False
51,1.2987013265584717,0.0027750028345266482,0.6320239240682579,False,False
52,1.2812026931201022,0.0027376125921369696,0.6347615366603949,False,False
53,1.273649467027629,0.002721473220144506,0.6374830098805394,False,False
54,1.2674877801016737,0.002708307222439473,0.6401913171029788,False,False
55,1.2497955172864867,0.002670503242065142,0.6428618203450439,False,False
56,1.2145083549239855,0.0025951033224871477,0.645456923667531,False,False
57,1.2063669017401815,0.0025777070550003873,0.6480346307225314,False,False
58,1.2000339854784692,0.002564175182646301,0.6505988059051777,False,False
59,1.1969565611145887,0.0025575994895610864,0.6531564053947387,False,False
60,1.189170414617501,0.002540962424396369,0.6556973678191351,False,False
61,1.1786115799217505,0.0025184008117986115,0.6582157686309338,False,False
62,1.1680125263713337,0.0024957532614772082,0.660711521892411,False,False
63,1.1598034296990205,0.002478212456621838,0.6631897343490328,False,False
64,1.1450299296337703,0.002446645148790107,0.665636379497823,False,False
65,1.1416566638809622,0.0024394373159849613,0.6680758168138079,False,False
66,1.1288143735491896,0.002411996524677755,0.6704878133384856,False,False
67,1.122630748359239,0.0023987836503402537,0.6728865969888259,False,False
68,1.1066298515479236,0.002364593699888725,0.6752511906887148,False,False
69,1.1026841747896956,0.002356162766644648,0.6776073534553594,False,False
70,1.0917532580565363,0.00233280610695841,0.6799401595623178,False,False
71,1.0794990014097217,0.00230662179788402,0.6822467813602018,False,False
72,1.0737976511489493,0.0022944394255319423,0.6845412207857338,False,False
73,1.0618589904413256,0.0022689294667549687,0.6868101502524888,False,False
74,1.0559776539159487,0.002256362508367411,0.6890665127608562,False,False
75,1.0461014124374077,0.0022352594282850588,0.6913017721891411,False,False
76,1.0387701505850122,0.0022195943388568632,0.6935213665279981,False,False
77,1.031664892465669,0.0022044121633881812,0.6957257786913862,False,False
78,1.0260986702027846,0.0021925185260743252,0.6979182972174605,False,False
79,1.0060092120481987,0.0021495923334363216,0.7000678895508968,False,False
80,1.0013368916383134,0.0021396087428169086,0.7022074982937137,False,False
81,0.9973281126261438,0.002131042975696888,0.7043385412694105,False,False
82,0.9852783666625208,0.002105295655261796,0.7064438369246723,False,False
83,0.9732807901436846,0.0020796598079993256,0.7085234967326716,False,False
84,0.9700114566401222,0.0020726740526498333,0.7105961707853214,False,False
85,0.9613689461838042,0.002054207149965393,0.7126503779352868,False,False
86,0.9581865625327429,0.002047407184899023,0.7146977851201858,False,False
87,0.94772756106586,0.002025058891166367,0.7167228440113521,False,False
88,0.9360583756574881,0.0020001247343108715,0.718722968745663,False,False
89,0.9322120784058839,0.0019919061504399226,0.7207148748961029,False,False
90,0.929360015981109,0.001985811999959634,0.7227006868960625,False,False
91,0.9108049946839089,0.0019461645185553603,0.7246468514146179,False,False
92,0.9101176739866644,0.0019446958845868894,0.7265915472992048,False,False
93,0.9048881057358276,0.0019335215934526224,0.7285250688926576,False,False
94,0.9013676643857621,0.0019259992828755596,0.7304510681755331,False,False
95,0.8954039397192359,0.0019132562814513584,0.7323643244569844,False,False
96,0.8927926278555914,0.0019076765552469897,0.7342720010122314,False,False
97,0.8798726868969368,0.001880069843796873,0.7361520708560283,False,False
98,0.8745072198927163,0.001868605170710932,0.7380206760267393,False,False
99,0.8712993464301751,0.0018617507402354165,0.7398824267669748,False,False
100,0.8676994858345025,0.0018540587304156032,0.7417364854973904,False,False
101,0.861914841576726,0.0018416983794374484,0.7435781838768278,False,False
102,0.8532086080001287,0.0018230953162395908,0.7454012791930674,False,False
103,0.8515007455179767,0.0018194460374315739,0.7472207252304989,False,False
104,0.8383029726961818,0.0017912456681542343,0.7490119708986531,False,False
105,0.8331103278268203,0.0017801502731342308,0.7507921211717874,False,False
106,0.8294171425488223,0.001772258851600047,0.7525643800233874,False,False
107,0.8239514589205778,0.0017605800404285846,0.7543249600638161,False,False
108,0.816884454228134,0.001745479603051568,0.7560704396668677,False,False
109,0.8119057111633928,0.0017348412631696423,0.7578052809300373,False,False
110,0.8078663374354154,0.0017262101227252461,0.7595314910527625,False,False
111,0.8018189039991922,0.00171328825640853,0.7612447793091711,False,False
112,0.7966176829739727,0.0017021745362691722,0.7629469538454403,False,False
113,0.7949702784859569,0.0016986544412093093,0.7646456082866496,False,False
114,0.7877042915486923,0.001683128828095496,0.7663287371147451,False,False
115,0.783251033447072,0.00167361331933135,0.7680023504340764,False,False
116,0.7767417670199369,0.0016597046303844802,0.769662055064461,False,False
117,0.7713102438138207,0.0016480988115679927,0.771310153876029,False,False
118,0.7654273863063935,0.0016355286032187892,0.7729456824792477,False,False
119,0.762607851198999,0.0016295039555534162,0.7745751864348012,False,False
120,0.7578207202386358,0.0016192750432449479,0.776194461478046,False,False
121,0.7548782205206184,0.0016129876506850815,0.777807449128731,False,False
122,0.7502908539220161,0.0016031855853034529,0.7794106347140345,False,False
123,0.7395619652834446,0.0015802606095800095,0.7809908953236145,False,False
124,0.7372743407256033,0.0015753725229179553,0.7825662678465325,False,False
125,0.7359539770838246,0.001572551233085095,0.7841388190796176,False,False
126,0.7326592960038507,0.001565511316247544,0.7857043303958652,False,False
127,0.7282386098782959,0.001556065405722854,0.787260395801588,False,False
128,0.72194746618442,0.00154262279099235,0.7888030185925804,False,False
129,0.7165945186856557,0.0015311848689864435,0.7903342034615669,False,False
130,0.7145128034566236,0.0015267367595226996,0.7918609402210895,False,False
131,0.7093203227452706,0.0015156417152676718,0.7933765819363572,False,False
132,0.7039984698934435,0.0015042702348150498,0.7948808521711723,False,False
133,0.6998307510370212,0.0014953648526432072,0.7963762170238156,False,False
134,0.6939602565380673,0.001482821060978776,0.7978590380847943,False,False
135,0.689915695784457,0.0014741788371462753,0.7993332169219406,False,False
136,0.6840705234960058,0.001461689152769243,0.8007949060747098,False,False
137,0.6808984926456679,0.0014549113090719396,0.8022498173837818,False,False
138,0.676699264631491,0.0014459385996399377,0.8036957559834218,False,False
139,0.6756382594423219,0.0014436714945348756,0.8051394274779566,False,False
140,0.6744590172410923,0.0014411517462416497,0.8065805792241983,False,False
141,0.6666070795355412,0.001424374101571669,0.8080049533257699,False,False
142,0.6650009897042001,0.0014209422856927348,0.8094258956114627,False,False
143,0.6586689039255197,0.0014074121878750417,0.8108333077993377,False,False
144,0.6553926967637839,0.00140041174522176,0.8122337195445595,False,False
145,0.65279107270473,0.001394852719454551,0.8136285722640141,False,False
146,0.6487900833697873,0.0013863035969439897,0.815014875860958,False,False
147,0.6456256673968382,0.001379542024352218,0.8163944178853102,False,False
148,0.6370656127029674,0.0013612513091943743,0.8177556691945045,False,False
149,0.6306746720170375,0.0013475954530278577,0.8191032646475324,False,False
150,0.6281784447165044,0.0013422616340096245,0.820445526281542,False,False
151,0.6219317706129225,0.0013289140397712016,0.8217744403213133,False,False
152,0.6179447837146271,0.0013203948369970662,0.8230948351583104,False,False
153,0.6160325531083485,0.0013163088741631375,0.8244111440324735,False,False
154,0.6135691790423315,0.001311045254363956,0.8257221892868375,False,False
155,0.610430413475879,0.0013043384903330744,0.8270265277771705,False,False
156,0.6061025976999284,0.0012950910207263423,0.8283216187978968,False,False
157,0.5994010902195182,0.0012807715602981154,0.8296023903581949,False,False
158,0.5941871647355238,0.0012696306938793241,0.8308720210520742,False,False
159,0.5928421417049946,0.0012667567130448599,0.8321387777651191,False,False
160,0.5901281653099975,0.0012609576181837549,0.8333997353833028,False,False
161,0.5856617637642886,0.0012514140251373685,0.8346511494084401,False,False
162,0.583433603408893,0.0012466529987369506,0.835897802407177,False,False
163,0.5770468238122793,0.0012330060337869214,0.837130808440964,False,False
164,0.5728367230404574,0.001224010091966789,0.8383548185329307,False,False
165,0.5711185264063479,0.0012203387316374952,0.8395751572645682,False,False
166,0.5675380476908403,0.0012126881360915388,0.8407878454006598,False,False
167,0.5657387384058734,0.0012088434581322078,0.841996688858792,False,False
168,0.5614943994317668,0.0011997743577601852,0.8431964632165521,False,False
169,0.5586390577703009,0.0011936732003638905,0.844390136416916,False,False
170,0.557857113292544,0.001192002378830222,0.8455821387957461,False,False
171,0.5517202150981313,0.0011788893485002803,0.8467610281442465,False,False
172,0.5493535078910887,0.0011738322818185653,0.847934860426065,False,False
173,0.5461286055239563,0.001166941464794778,0.8491018018908598,False,False
174,0.5440994034329467,0.0011626055628909115,0.8502644074537508,False,False
175,0.5415024921904421,0.0011570566072445342,0.8514214640609953,False,False
176,0.5391864812130516,0.0011521078658398535,0.8525735719268351,False,False
177,0.5352900487442543,0.0011437821554364407,0.8537173540822715,False,False
178,0.528967653446551,0.0011302727637746812,0.8548476268460462,False,False
179,0.5266775694629064,0.001125379421929287,0.8559730062679755,False,False
180,0.5228474235643183,0.0011171953494964065,0.8570902016174718,False,False
181,0.5206125785781205,0.0011124200396968383,0.8582026216571687,False,False
182,0.5177833838579524,0.0011063747518332313,0.8593089964090018,False,False
183,0.5125846876911468,0.0010952664266904845,0.8604042628356924,False,False
184,0.5104583812462357,0.0010907230368509305,0.8614949858725433,False,False
185,0.5067994611212991,0.001082904831455767,0.862577890703999,False,False
186,0.5047454922892202,0.001078516009165,0.863656406713164,False,False
187,0.5008711722002461,0.0010702375474364232,0.8647266442606004,False,False
188,0.4987070224142043,0.0010656132957568465,0.8657922575563572,False,False
189,0.4961136675656318,0.0010600719392428028,0.8668523294956,False,False
190,0.49512277976259134,0.0010579546576123743,0.8679102841532124,False,False
191,0.49275705963185873,0.001052899700068074,0.8689631838532804,False,False
192,0.48908501516351166,0.0010450534512040845,0.8700082373044846,False,False
193,0.4882246901136211,0.0010432151498154295,0.8710514524542999,False,False
194,0.4807935019429707,0.001027336542613185,0.8720787889969132,False,False
195,0.47847499059193677,0.001022382458529779,0.873101171455443,False,False
196,0.4770392793321027,0.0010193146994275696,0.8741204861548705,False,False
197,0.47316413892082665,0.001011034484873561,0.8751315206397441,False,False
198,0.4717387938033454,0.0010079888756481736,0.8761395095153922,False,False
199,0.46687155554128923,0.0009975887938916434,0.8771370983092839,False,False
200,0.4659855602198582,0.0009956956414954232,0.8781327939507793,False,False
201,0.4626258858355264,0.0009885168500759108,0.8791213108008551,False,False
202,0.4610735640402967,0.000985199923163027,0.8801065107240182,False,False
203,0.455992617053491,0.0009743431988322454,0.8810808539228504,False,False
204,0.453704175112393,0.0009694533656247712,0.8820503072884752,False,False
205,0.45211845779604865,0.0009660650807607875,0.8830163723692361,False,False
206,0.4488042670244675,0.0009589834765480073,0.8839753558457841,False,False
207,0.44629676145329683,0.0009536255586608904,0.884928981404445,False,False
208,0.44354123452985894,0.0009477376806193565,0.8858767190850644,False,False
209,0.44322999488897163,0.0009470726386516486,0.886823791723716,False,False
210,0.43909738028805395,0.0009382422655727647,0.8877620339892887,False,False
211,0.4371077694987367,0.0009339909604673858,0.888696024949756,False,False
212,0.4323739126951786,0.0009238758818273045,0.8896199008315834,False,False
213,0.43074376023548916,0.0009203926500758313,0.8905402934816592,False,False
214,0.42910036897911424,0.0009168811302972524,0.8914571746119564,False,False
215,0.42605939946904287,0.0009103833321988093,0.8923675579441552,False,False
216,0.4253885930289128,0.0009089499851045143,0.8932765079292598,False,False
217,0.42138628086955365,0.0009003980360460545,0.8941769059653059,False,False
218,0.4178279446441121,0.0008927947535130598,0.895069700718819,False,False
219,0.4154051509452919,0.0008876178439001962,0.8959573185627191,False,False
220,0.4118672897141557,0.0008800583113550333,0.8968373768740742,False,False
221,0.40742237892952615,0.0008705606387383035,0.8977079375128124,False,False
222,0.4059815349803355,0.0008674819123511441,0.8985754194251636,False,False
223,0.4043811254563367,0.0008640622338810611,0.8994394816590447,False,False
224,0.4019285600034631,0.000858821709409109,0.9002983033684537,False,False
225,0.39946327289172057,0.0008535540019053856,0.9011518573703591,False,False
226,0.3962147863737481,0.0008466127913968974,0.901998470161756,False,False
227,0.3932508509369002,0.0008402795960190173,0.9028387497577751,False,False
228,0.3924636913318109,0.0008385976310508778,0.9036773473888259,False,False
229,0.390100564752244,0.0008335482152825724,0.9045108956041085,False,False
230,0.38627309825827144,0.0008253698680732294,0.9053362654721816,False,False
231,0.3831017355281147,0.0008185934519831509,0.9061548589241648,False,False
232,0.38241853816461135,0.0008171336285568617,0.9069719925527215,False,False
233,0.37911691293872724,0.000810078873800699,0.9077820714265223,False,False
234,0.37848043487475264,0.0008087188779375054,0.9085907903044598,False,False
235,0.3767711490377044,0.0008050665577728725,0.9093958568622327,False,False
236,0.37176221509419477,0.0007943637074662279,0.9101902205696989,False,False
237,0.37011303022687764,0.0007908398081770887,0.910981060377876,False,False
238,0.3686795795062856,0.0007877768792869348,0.911768837257163,False,False
239,0.363561431884321,0.0007768406664194891,0.9125456779235824,False,False
240,0.36072569326964066,0.0007707813958753003,0.9133164593194577,False,False
241,0.35823415349077353,0.0007654575929290031,0.9140819169123867,False,False
242,0.3574251332511855,0.0007637289172033877,0.9148456458295902,False,False
243,0.3563742902998762,0.0007614835262817866,0.9156071293558719,False,False
244,0.3543062416166367,0.0007570646188389672,0.9163641939747109,False,False
245,0.3519951870405303,0.000752126468035321,0.9171163204427463,False,False
246,0.34872490266972456,0.0007451386809182147,0.9178614591236645,False,False
247,0.3458980341397471,0.000739098363546468,0.9186005574872109,False,False
248,0.344397827769979,0.0007358927943802968,0.9193364502815912,False,False
249,0.34272414540093343,0.0007323165500019944,0.9200687668315932,False,False
250,0.3392993000534972,0.0007249985043878143,0.920793765335981,False,False
251,0.33686968251028393,0.000719807013910863,0.9215135723498918,False,False
252,0.3359226156571763,0.0007177833667888381,0.9222313557166807,False,False
253,0.3355823076708025,0.0007170562129718,0.9229484119296525,False,False
254,0.3308645545869094,0.0007069755439891224,0.9236553874736416,False,False
255,0.33011565133265636,0.0007053753233603766,0.9243607627970021,False,False
256,0.32752194642840377,0.0006998332188641104,0.9250605960158662,False,False
257,0.32675636222721066,0.0006981973551863474,0.9257587933710526,False,False
258,0.32459016411420866,0.0006935687267397619,0.9264523620977924,False,False
259,0.322608101911345,0.0006893335510926173,0.9271416956488849,False,False
260,0.321407643377407,0.000686768468755143,0.9278284641176401,False,False
261,0.3191613895344722,0.0006819687810565644,0.9285104328986967,False,False
262,0.31422835659020243,0.0006714281123722273,0.9291818610110689,False,False
263,0.31341512053888876,0.0006696904285018989,0.9298515514395709,False,False
264,0.3097044696109234,0.0006617616872028276,0.9305133131267738,False,False
265,0.3087134241261561,0.0006596440686456325,0.9311729571954194,False,False
266,0.30633356425888497,0.0006545588979890703,0.9318275160934084,False,False
267,0.3047153625645523,0.0006511012020610089,0.9324786172954693,False,False
268,0.30363696555553177,0.0006487969349477173,0.9331274142304171,False,False
269,0.3016024303267137,0.0006444496374502427,0.9337718638678674,False,False
270,0.30087599875563165,0.000642897433238529,0.934414761301106,False,False
271,0.2983672817905922,0.0006375369269029746,0.935052298228009,False,False
272,0.29631464477267,0.0006331509503689529,0.9356854491783779,False,False
273,0.29499109728033673,0.0006303228574366168,0.9363157720358145,False,False
274,0.2932283831904828,0.0006265563743386382,0.9369423284101531,False,False
275,0.291607698980882,0.0006230933738907734,0.937565421784044,False,False
276,0.28776520539128986,0.0006148829175027559,0.9381803047015467,False,False
277,0.28689362806040214,0.000613020572778637,0.9387933252743254,False,False
278,0.2849636782613763,0.0006088967484217441,0.939402222022747,False,False
279,0.2826387170307541,0.0006039288825443462,0.9400061509052914,False,False
280,0.2812801174758227,0.000601025892042356,0.9406071767973337,False,False
281,0.2788837350871068,0.0005959054168527922,0.9412030822141866,False,False
282,0.27580529880217597,0.0005893275615431109,0.9417924097757296,False,False
283,0.2748535852468152,0.0005872939855701178,0.9423797037612999,False,False
284,0.2729189425830522,0.0005831601337244704,0.9429628638950243,False,False
285,0.26948860237117334,0.0005758303469469515,0.9435386942419712,False,False
286,0.2684152460312594,0.0005735368504941438,0.9441122310924653,False,False
287,0.2682270678265589,0.00057313476031316,0.9446853658527785,False,False
288,0.2652456181999459,0.0005667641414528758,0.9452521299942315,False,False
289,0.263184170029622,0.0005623593376701324,0.9458144893319016,False,False
290,0.2624165535629142,0.0005607191315446883,0.9463752084634462,False,False
291,0.2599350498835062,0.0005554167732553549,0.9469306252367016,False,False
292,0.25890292489829836,0.0005532113779878169,0.9474838366146893,False,False
293,0.25753920225902155,0.0005502974407244049,0.9480341340554137,False,False
294,0.25588682260457624,0.0005467667149670431,0.9485809007703807,False,False
295,0.25450981216099366,0.0005438243849593881,0.9491247251553402,False,False
296,0.25404955267123425,0.0005428409245111841,0.9496675660798514,False,False
297,0.25233619681538283,0.0005391799077251769,0.9502067459875766,False,False
298,0.2501355020862205,0.0005344775685603001,0.9507412235561369,False,False
299,0.24744630687836722,0.000528731424953776,0.9512699549810907,False,False
300,0.24620564198705103,0.0005260804315962628,0.9517960354126869,False,False
301,0.24411745028271198,0.0005216184835100682,0.9523176538961969,False,False
302,0.24266759046191141,0.0005185204924399815,0.9528361743886369,False,False
303,0.2419329035663401,0.0005169506486460257,0.953353125037283,False,False
304,0.24097043003366045,0.0005148940812685051,0.9538680191185515,False,False
305,0.2395051639737872,0.0005117631708841606,0.9543797822894357,False,False
306,0.2359212934034167,0.0005041053277850783,0.9548838876172207,False,False
307,0.23403429339775572,0.0005000732764909309,0.9553839608937116,False,False
308,0.2328327162178555,0.0004975058038843065,0.9558814666975959,False,False
309,0.23239580996718617,0.0004965722435196284,0.9563780389411155,False,False
310,0.2296351120277918,0.0004906733162987003,0.9568687122574141,False,False
311,0.22847900093441229,0.00048820299344959876,0.9573569152508636,False,False
312,0.22782741196722256,0.000486810709331672,0.9578437259601953,False,False
313,0.22758294114841288,0.0004862883357872069,0.9583300142959825,False,False
314,0.2248610553199059,0.00048047234042714927,0.9588104866364098,False,False
315,0.2233817028487297,0.00047731133087335395,0.959287797967283,False,False
316,0.22180183854381952,0.0004739355524440587,0.959761733519727,False,False
317,0.21901612790711364,0.00046798317928870427,0.9602297166990158,False,False
318,0.216947450204832,0.00046356292778810247,0.960693279626804,False,False
319,0.2156872811357181,0.0004608702588370044,0.961154149885641,False,False
320,0.21396909492325344,0.0004571989207761825,0.9616113488064171,False,False
321,0.21357463704793436,0.0004563560620682357,0.9620677048684854,False,False
322,0.21193495468876056,0.0004528524672836763,0.962520557335769,False,False
323,0.20908658504929536,0.00044676620737028915,0.9629673235431394,False,False
324,0.20797958172919587,0.0004444008156606748,0.9634117243588001,False,False
325,0.20703826862033572,0.0004423894628639651,0.9638541138216641,False,False
326,0.204657755352503,0.0004373028960523567,0.9642914167177165,False,False
327,0.2030116474838812,0.0004337855715467546,0.9647252022892633,False,False
328,0.20217778154532645,0.0004320038067207829,0.9651572060959841,False,False
329,0.1989626304661325,0.0004251338257823343,0.9655823399217665,False,False
330,0.19803694341945888,0.00042315586200739063,0.9660054957837739,False,False
331,0.19750722460870598,0.0004220239842066366,0.9664275197679806,False,False
332,0.19455223137888,0.00041570989610871783,0.9668432296640893,False,False
333,0.1930313173028052,0.0004124600797068486,0.9672556897437963,False,False
334,0.19062012924913002,0.00040730796848104697,0.9676629977122773,False,False
335,0.1902936986948993,0.00040661046729679323,0.9680696081795741,False,False
336,0.1889820156421286,0.00040380772573104395,0.9684734159053051,False,False
337,0.18828279266256231,0.00040231365953538947,0.9688757295648405,False,False
338,0.18620210536845253,0.00039786774651378735,0.9692735973113543,False,False
339,0.1846372296611077,0.0003945239950023668,0.9696681213063567,False,False
340,0.18434747053071573,0.0003939048515613583,0.970062026157918,False,False
341,0.1828229830179796,0.0003906473996110675,0.9704526735575291,False,False
342,0.18106485811693024,0.0003868907224720731,0.9708395642800012,False,False
343,0.17921725799355329,0.00038294285896058386,0.9712225071389619,False,False
344,0.17862090705830552,0.0003816686048254391,0.9716041757437872,False,False
345,0.17583631201516933,0.0003757186154170284,0.9719798943592043,False,False
346,0.17501329473818483,0.0003739600314918478,0.9723538543906961,False,False
347,0.1734717609636591,0.0003706661559052544,0.9727245205466013,False,False
348,0.17241333289195973,0.00036840455746145234,0.9730929251040628,False,False
349,0.17126563427970767,0.00036595220999937527,0.9734588773140622,False,False
350,0.16999346201594462,0.0003632338931964628,0.9738221112072587,False,False
351,0.16931949401386745,0.0003617937906279218,0.9741839049978865,False,False
352,0.16833068990818367,0.00035968096134227274,0.9745435859592289,False,False
353,0.16703019731744118,0.00035690213102017337,0.9749004880902491,False,False
354,0.16651069583652517,0.0003557920851207802,0.9752562801753698,False,False
355,0.16393790705672306,0.0003502946731981261,0.9756065748485679,False,False
356,0.16350789868752102,0.0003493758518964124,0.9759559507004643,False,False
357,0.16292487110353943,0.0003481300664605542,0.9763040807669249,False,False
358,0.16146396000671268,0.00034500846155280477,0.9766490892284776,False,False
359,0.16072362104389,0.0003434265406920726,0.9769925157691697,False,False
360,0.1596679401289394,0.0003411708122413234,0.977333686581411,False,False
361,0.15717572104976307,0.00033584555779863896,0.9776695321392097,False,False
362,0.15613985065548194,0.0003336321595202605,0.9780031642987299,False,False
363,0.15404590004223118,0.00032915790607314344,0.978332322204803,False,False
364,0.15296959493483173,0.00032685810883511043,0.9786591803136382,False,False
365,0.1521359265793184,0.0003250767661951247,0.9789842570798334,False,False
366,0.1510637676108529,0.0003227858282283181,0.9793070429080617,False,False
367,0.1486227077085081,0.0003175698882660429,0.9796246127963277,False,False
368,0.14781481186755183,0.0003158436151016064,0.9799404564114294,False,False
369,0.14631423676162464,0.00031263725803765943,0.980253093669467,False,False
370,0.1457543571919442,0.0003114409341708209,0.9805645346036378,False,False
371,0.1442833286484668,0.00030829771078732214,0.980872832314425,False,False
372,0.14272009013524006,0.00030495745755393166,0.981177789771979,False,False
373,0.14210038566947492,0.00030363330271255314,0.9814814230746916,False,False
374,0.1408069114326094,0.0003008694688730969,0.9817822925435646,False,False
375,0.13946035168110182,0.0002979922044467987,0.9820802847480116,False,False
376,0.13902125667508589,0.00029705396725445695,0.982377338715266,False,False
377,0.13789021435329032,0.0002946372101566032,0.9826719759254225,False,False
378,0.13587396710328442,0.00029032898953693245,0.9829623049149595,False,False
379,0.1353788729228931,0.0002892710959890878,0.9832515760109486,False,False
380,0.13323733006257543,0.0002846951497063577,0.983536271160655,False,False
381,0.13167364773356674,0.0002813539481486468,0.9838176251088037,False,False
382,0.13102272054471872,0.00027996307808700576,0.9840975881868906,False,False
383,0.1296246535705689,0.00027697575549266853,0.9843745639423832,False,False
384,0.12881546227075905,0.00027524671425375856,0.984649810656637,False,False
385,0.12829744629908538,0.00027413984251941313,0.9849239504991565,False,False
386,0.12785903499967052,0.00027320306623861216,0.9851971535653952,False,False
387,0.12766835468693202,0.0002727956296729316,0.985469949195068,False,False
388,0.12474533854600178,0.00026654986868803794,0.985736499063756,False,False
389,0.12359602861441106,0.000264094078235921,0.9860005931419921,False,False
390,0.12272284685580828,0.00026222830524745355,0.9862628214472395,False,False
391,0.1220610186395521,0.0002608141423922053,0.9865236355896317,False,False
392,0.120869613844638,0.00025826840565093583,0.9867819039952828,False,False
393,0.12005792466376852,0.00025653402705933437,0.987038438022342,False,False
394,0.11914323695482439,0.0002545795661427871,0.9872930175884848,False,False
395,0.1186483711072963,0.0002535221604856758,0.9875465397489704,False,False
396,0.11787210556898949,0.0002518634734380117,0.9877984032224084,False,False
397,0.11713710472441623,0.0002502929588128551,0.9880486961812213,False,False
398,0.11505404706080276,0.00024584198089915114,0.9882945381621204,False,False
399,0.11423150723923904,0.00024408441717786115,0.9885386225792984,False,False
400,0.11211657561220299,0.00023956533250470719,0.988778187911803,False,False
401,0.11191191213204209,0.00023912801737615826,0.9890173159291792,False,False
402,0.11081255977224352,0.00023677897387231516,0.9892540949030515,False,False
403,0.10910599895158761,0.00023313247639228116,0.9894872273794437,False,False
404,0.10884029420487665,0.00023256473120700132,0.9897197921106508,False,False
405,0.10777064748443864,0.0002302791612915355,0.9899500712719422,False,False
406,0.10704650686622952,0.00022873185227826814,0.9901788031242206,False,False
407,0.10557022749313029,0.00022557740917335527,0.9904043805333939,False,False
408,0.10431366984545028,0.00022289245693472276,0.9906272729903286,False,False
409,0.10339781349388462,0.00022093549891855682,0.9908482084892472,False,False
410,0.10253318776531524,0.00021908800804554534,0.9910672964972926,False,False
411,0.10126934290248193,0.00021638748483436305,0.991283683982127,False,False
412,0.10040914201603435,0.00021454944875221008,0.9914982334308791,False,False
413,0.0997495308677576,0.00021314002322170425,0.9917113734541009,False,False
414,0.09819274029157292,0.000209813547631566,0.9919211870017324,False,False
415,0.09767172087290661,0.00020870025827544143,0.9921298872600077,False,False
416,0.09688970158430961,0.0002070292768895504,0.9923369165368973,False,False
417,0.09489718666656273,0.00020277176638154425,0.9925396883032789,False,False
418,0.09371192996997546,0.00020023916660251163,0.9927399274698814,False,False
419,0.09294669067143657,0.00019860403989623195,0.9929385315097776,False,False
420,0.09195806663690786,0.0001964915953780082,0.9931350231051556,False,False
421,0.09032186869146704,0.00019299544592193805,0.9933280185510776,False,False
422,0.08962945315051264,0.00019151592553528338,0.9935195344766129,False,False
423,0.08805354796826136,0.0001881486067697892,0.9937076830833826,False,False
424,0.08779662784564901,0.00018759963214882262,0.9938952827155315,False,False
425,0.08630817637613203,0.00018441918029088035,0.9940797018958224,False,False
426,0.08614861332006392,0.0001840782335898801,0.9942637801294123,False,False
427,0.08500040592842073,0.00018162479899235196,0.9944454049284046,False,False
428,0.0838689459051072,0.00017920714936988714,0.9946246120777745,False,False
429,0.08319676712359166,0.00017777086992220434,0.9948023829476967,False,False
430,0.08231276980416723,0.00017588198676104103,0.9949782649344577,False,False
431,0.08172477291491317,0.00017462558315152384,0.9951528905176094,False,False
432,0.08054758086505392,0.00017211021552361946,0.995325000733133,False,False
433,0.07884298126506445,0.0001684679086860351,0.995493468641819,False,False
434,0.07839516947175952,0.000167511045879828,0.9956609796876988,False,False
435,0.07732606536090486,0.0001652266353865488,0.9958262063230854,False,False
436,0.07691422078859073,0.00016434662561664681,0.9959905529487021,False,False
437,0.07513019136964194,0.00016053459694367932,0.9961510875456456,False,False
438,0.07441013742851721,0.00015899602014640425,0.9963100835657921,False,False
439,0.0737190303307959,0.00015751929557862368,0.9964676028613707,False,False
440,0.07294274905023723,0.00015586057489366925,0.9966234634362644,False,False
441,0.07145898360473976,0.00015269013590756355,0.9967761535721719,False,False
442,0.07065248472435814,0.00015096684770161994,0.9969271204198734,False,False
443,0.07033094203052181,0.00015027979066350812,0.9970774002105369,False,False
444,0.06879366149862262,0.00014699500320218504,0.9972243952137391,False,False
445,0.06815303594162495,0.00014562614517441225,0.9973700213589135,False,False
446,0.06686666242756013,0.0001428774838195729,0.9975128988427331,False,False
447,0.06609440806386463,0.00014122736765783038,0.997654126210391,False,False
448,0.06489659741915142,0.00013866794320331496,0.9977927941535942,False,False
449,0.06366268862828633,0.00013603138595787674,0.9979288255395522,False,False
450,0.06319579254618324,0.00013503374475680175,0.998063859284309,False,False
451,0.06147354302014776,0.0001313537244020251,0.9981952130087111,False,False
452,0.06080858867442943,0.00012993288178296883,0.998325145890494,False,False
453,0.05991468155898552,0.00012802282384398613,0.9984531687143381,False,False
454,0.05793103642965118,0.000123784265875323,0.9985769529802133,False,False
455,0.05699406217098695,0.00012178218412604047,0.9986987351643394,False,False
456,0.05625411830620923,0.00012020110749190003,0.9988189362718313,False,False
457,0.05526070542493969,0.00011807843039517024,0.9989370147022264,False,False
458,0.054120638596432034,0.00011564239016331629,0.9990526570923897,False,False
459,0.05314115313003249,0.00011354947250006939,0.9991662065648897,False,False
460,0.05149203341597486,0.00011002571242729669,0.999276232277317,False,False
461,0.050833257077488266,0.0001086180706783937,0.9993848503479954,False,False
462,0.04956015855869733,0.00010589777469807119,0.9994907481226935,False,False
463,0.04767133352005798,0.00010186182376080762,0.9995926099464543,False,False
464,0.046912376979959515,0.00010024012175205022,0.9996928500682063,False,False
465,0.044829499477100576,9.578952879722343e-05,0.9997886395970035,False,False
466,0.04359776514949056,9.315761784079178e-05,0.9998817972148443,False,False
467,0.04248901427771928,9.078849204640869e-05,0.9999725857068906,False,False
468,0.012829889174830576,2.7414293108612335e-05,0.9999999999999992,False,False
