date,p_turbulent_causal,regime,p_turbulent_smoothed,realized_vol,ewma_vol,garch_vol,vol_tercile
2013-02-11,,,9.7013e-42,,,0.126792,
2013-02-12,,,0.00939865,,,0.115853,
2013-02-13,,,0.0284946,,,0.107297,
2013-02-14,,,0.0747308,,,0.0995801,
2013-02-15,,,0.18774,,,0.0932428,
2013-02-19,,,0.462814,,,0.0883056,
2013-02-20,,,0.943214,,,0.092375,
2013-02-21,,,0.962124,,,0.138416,
2013-02-22,,,0.978134,,,0.137129,
2013-02-25,,,0.992955,,,0.139874,
2013-02-26,,,0.855432,,,0.182163,
2013-02-27,,,0.785688,,,0.165006,
2013-02-28,,,0.356382,,,0.17532,
2013-03-01,,,0.183959,,,0.15544,
2013-03-04,,,0.115074,,,0.139381,
2013-03-05,,,0.0834063,,,0.128959,
2013-03-06,,,0.037052,,,0.133229,
2013-03-07,,,0.0187992,,,0.120525,
2013-03-08,,,0.0122777,,,0.110244,
2013-03-11,,,0.00775039,,,0.108491,
2013-03-12,,,0.00667305,0.124372,0.124372,0.101132,
2013-03-13,,,0.0067681,0.124392,0.120885,0.0963979,
2013-03-14,,,0.00870199,0.124924,0.118285,0.0935564,
2013-03-15,,,0.0127086,0.126006,0.116381,0.0932821,
2013-03-18,,,0.0197487,0.128322,0.113476,0.0918096,
2013-03-19,,,0.0252904,0.129243,0.112168,0.096815,
2013-03-20,,,0.0366452,0.13094,0.109547,0.0950377,
2013-03-21,,,0.04487,0.122569,0.111775,0.105452,
2013-03-22,,,0.0354079,0.118617,0.113883,0.117529,
2013-03-25,,,0.0338173,0.115906,0.112572,0.112666,
2013-03-26,,,0.0387163,0.0912493,0.10988,0.107032,
2013-03-27,,,0.0450141,0.0906541,0.110808,0.110194,
2013-03-28,,,0.0703726,0.0803338,0.107485,0.101704,
2013-04-01,,,0.110679,0.0859334,0.107582,0.103602,
2013-04-02,,,0.144995,0.0859064,0.107612,0.108748,
2013-04-03,,,0.239815,0.0966232,0.104413,0.100563,
2013-04-04,,,0.236272,0.0923577,0.111184,0.126056,
2013-04-05,,,0.257453,0.0933011,0.110117,0.119586,
2013-04-08,,,0.310429,0.0972998,0.107536,0.112543,
2013-04-09,,,0.375549,0.0953994,0.10926,0.115845,
2013-04-10,,,0.548718,0.103843,0.106336,0.106875,
2013-04-11,,,0.614246,0.104272,0.113912,0.126745,
2013-04-12,,,0.754026,0.105221,0.112478,0.119559,
2013-04-15,,,0.999996,0.144029,0.110028,0.113279,
2013-04-16,,,0.998919,0.154697,0.152245,0.218637,
2013-04-17,,,0.991782,0.161817,0.160257,0.217943,
2013-04-18,,,0.887572,0.163098,0.165203,0.216632,
2013-04-19,,,0.783715,0.165211,0.162312,0.19671,
2013-04-22,,,0.591866,0.162345,0.163692,0.188261,
2013-04-23,,,0.516918,0.166648,0.159206,0.167198,
2013-04-24,,,0.329361,0.166061,0.161649,0.168023,
2013-04-25,,,0.257386,0.16549,0.156979,0.149724,
2013-04-26,,,0.218228,0.166424,0.154367,0.139914,
2013-04-29,,,0.200599,0.16636,0.150509,0.129987,
2013-04-30,,,0.200149,0.164457,0.148253,0.124605,
2013-05-01,,,0.230463,0.169058,0.144721,0.116009,
2013-05-02,,,0.216162,0.165269,0.145632,0.128443,
2013-05-03,,,0.195072,0.169112,0.146094,0.131167,
2013-05-06,,,0.108271,0.16797,0.150055,0.143747,
2013-05-07,,,0.0747421,0.167016,0.145875,0.129872,
2013-05-08,,,0.0594196,0.167177,0.143176,0.122486,
2013-05-09,,,0.0593018,0.16425,0.139853,0.114383,
2013-05-10,,,0.0676726,0.164626,0.136392,0.109289,
2013-05-13,,,0.086332,0.163827,0.134693,0.108474,
2013-05-14,,,0.136004,0.127095,0.130686,0.101185,
2013-05-15,,,0.145891,0.119201,0.135328,0.122219,
2013-05-16,,,0.178247,0.107144,0.133079,0.116472,
2013-05-17,,,0.20719,0.103187,0.131583,0.117551,
2013-05-20,,,0.214265,0.101507,0.134497,0.127859,
2013-05-21,,,0.257603,0.101969,0.130501,0.116827,
2013-05-22,,,0.379897,0.110877,0.126578,0.107072,
2013-05-23,,,0.373753,0.112225,0.131721,0.132094,
2013-05-24,,,0.401422,0.112068,0.128082,0.121436,
2013-05-28,,,0.479967,0.111133,0.124483,0.112517,
2013-05-29,,,0.614513,0.116345,0.123513,0.111305,
2013-05-30,,,0.686124,0.116454,0.124567,0.120831,
2013-05-31,,,0.851112,0.120442,0.122136,0.113534,
2013-06-03,,,0.861565,0.116758,0.128614,0.138676,
2013-06-04,,,0.918803,0.111534,0.124897,0.125175,
2013-06-05,,,0.981963,0.121298,0.123704,0.123661,
2013-06-06,,,0.982365,0.124951,0.131629,0.149465,
2013-06-07,,,0.985241,0.132416,0.133412,0.14778,
2013-06-10,,,0.979699,0.131717,0.138844,0.156108,
2013-06-11,,,0.991629,0.1349,0.134632,0.139643,
2013-06-12,,,0.993965,0.137794,0.137266,0.147939,
2013-06-13,,,0.99664,0.144313,0.137381,0.147008,
2013-06-14,,,0.982143,0.142832,0.148588,0.171172,
2013-06-17,,,0.979125,0.144904,0.145118,0.155892,
2013-06-18,,,0.984687,0.142401,0.144101,0.14765,
2013-06-19,,,0.998781,0.150025,0.143267,0.141566,
2013-06-20,,,0.999996,0.173086,0.149663,0.162422,
2013-06-21,,,0.92894,0.170253,0.177929,0.232843,
2013-06-24,,,0.907364,0.17332,0.172788,0.204364,
2013-06-25,,,0.8026,0.179739,0.173186,0.197055,
2013-06-26,,,0.621228,0.181203,0.173647,0.188,
2013-06-27,,,0.453645,0.18334,0.171924,0.175146,
2013-06-28,,,0.261042,0.182435,0.171008,0.166997,
2013-07-01,,,0.159634,0.178922,0.166235,0.150626,
2013-07-02,,,0.100598,0.17887,0.163121,0.14032,
2013-07-03,,,0.0757814,0.177459,0.158329,0.127506,
2013-07-05,,,0.073278,0.173732,0.153506,0.115876,
2013-07-08,,,0.0551027,0.171155,0.154729,0.126456,
2013-07-09,,,0.052503,0.167595,0.150909,0.117329,
2013-07-10,,,0.0510942,0.167557,0.149647,0.118396,
2013-07-11,,,0.0667522,0.168385,0.145198,0.108455,
2013-07-12,,,0.0328239,0.163876,0.151613,0.136548,
2013-07-15,,,0.01833,0.155293,0.147733,0.124947,
2013-07-16,,,0.0139542,0.155614,0.143374,0.113849,
2013-07-17,,,0.00874694,0.154031,0.140411,0.111608,
2013-07-18,,,0.00747862,0.153408,0.136574,0.103833,
2013-07-19,,,0.00539553,0.142237,0.135099,0.105217,
2013-07-22,,,0.00504923,0.0964167,0.131475,0.0988522,
2013-07-23,,,0.00635092,0.0981788,0.127769,0.0932216,
2013-07-24,,,0.00920731,0.0897154,0.124063,0.0896847,
2013-07-25,,,0.00813027,0.0854181,0.122658,0.0970438,
2013-07-26,,,0.00889288,0.0834739,0.120381,0.0953105,
2013-07-29,,,0.0138118,0.0829236,0.116731,0.0898333,
2013-07-30,,,0.0205187,0.0805701,0.114219,0.0910404,
2013-07-31,,,0.0396202,0.0793462,0.110984,0.0868557,
2013-08-01,,,0.0881423,0.0908535,0.107823,0.0835324,
2013-08-02,,,0.054245,0.0906138,0.121871,0.131309,
2013-08-05,,,0.0439745,0.0874493,0.118173,0.118886,
2013-08-06,,,0.046424,0.0927061,0.114688,0.109557,
2013-08-07,,,0.0451618,0.0934397,0.113989,0.111958,
2013-08-08,,,0.0454283,0.0944286,0.11237,0.110493,
2013-08-09,,,0.0556024,0.0826157,0.110993,0.10686,
2013-08-12,,,0.0860036,0.0823855,0.107726,0.0998859,
2013-08-13,,,0.156269,0.0823206,0.104623,0.0946686,
2013-08-14,,,0.333568,0.0827395,0.101501,0.0893374,
2013-08-15,,,0.555744,0.0977685,0.10075,0.0948862,
2013-08-16,,,0.526312,0.0949614,0.113117,0.136539,
2013-08-19,,,0.525568,0.0965938,0.110626,0.126694,
2013-08-20,,,0.517774,0.101733,0.110883,0.126786,
2013-08-21,,,0.518074,0.102736,0.112523,0.126702,
2013-08-22,,,0.534846,0.108526,0.110859,0.121406,
2013-08-23,,,0.534258,0.107653,0.115215,0.129518,
2013-08-26,,,0.582653,0.107965,0.11232,0.118453,
2013-08-27,,,0.69125,0.123204,0.109475,0.110995,
2013-08-28,,,0.325715,0.123193,0.126766,0.161018,
2013-08-29,,,0.179608,0.123853,0.123117,0.143698,
2013-08-30,,,0.11887,0.107455,0.120141,0.130473,
2013-09-03,,,0.0757092,0.109305,0.118027,0.123992,
2013-09-04,,,0.0593295,0.115719,0.115582,0.115309,
2013-09-05,,,0.0398855,0.114573,0.117482,0.119897,
2013-09-06,,,0.0366183,0.113759,0.114028,0.109648,
2013-09-09,,,0.0465977,0.120454,0.110654,0.101319,
2013-09-10,,,0.0354853,0.124406,0.117177,0.121854,
2013-09-11,,,0.0226077,0.124792,0.118515,0.123448,
2013-09-12,,,0.0193492,0.125797,0.115702,0.114012,
2013-09-13,,,0.0176185,0.12452,0.113436,0.110059,
2013-09-16,,,0.0227679,0.113319,0.110694,0.103017,
2013-09-17,,,0.0308436,0.112266,0.110581,0.104512,
2013-09-18,,,0.0498283,0.112909,0.108979,0.101423,
2013-09-19,,,0.0427809,0.112129,0.116505,0.124084,
2013-09-20,,,0.0468022,0.115203,0.113213,0.114351,
2013-09-23,,,0.0379896,0.113575,0.114273,0.120724,
2013-09-24,,,0.0311327,0.113577,0.112544,0.116839,
2013-09-25,,,0.0352972,0.113159,0.109119,0.107239,
2013-09-26,,,0.0508894,0.0891996,0.106047,0.1008,
2013-09-27,,,0.090116,0.0921451,0.103901,0.0965489,
2013-09-30,,,0.151551,0.0941184,0.10209,0.0966911,
2013-10-01,,,0.258814,0.0943262,0.100009,0.0955205,
2013-10-02,,,0.361896,0.0948825,0.103537,0.107137,
2013-10-03,,,0.604221,0.0992416,0.100476,0.0999683,
2013-10-04,,,0.722693,0.101852,0.103802,0.114754,
2013-10-07,,,0.884125,0.108615,0.105267,0.116103,
2013-10-08,,,0.964979,0.112295,0.1082,0.125609,
2013-10-09,,,0.966024,0.107712,0.117428,0.149027,
2013-10-10,,,0.99183,0.132771,0.113856,0.133532,
2013-10-11,,,0.852942,0.133212,0.139925,0.18786,
2013-10-14,,,0.775626,0.133187,0.13801,0.170538,
2013-10-15,,,0.755332,0.135103,0.134351,0.15231,
2013-10-16,,,0.713281,0.143001,0.134309,0.149319,
2013-10-17,,,0.47581,0.139737,0.141743,0.162407,
2013-10-18,,,0.248944,0.140641,0.141875,0.155217,
2013-10-21,,,0.126985,0.136914,0.139416,0.142914,
2013-10-22,,,0.0769212,0.136082,0.135185,0.1287,
2013-10-23,,,0.0474856,0.137949,0.133469,0.12307,
2013-10-24,,,0.0247074,0.137459,0.130856,0.118453,
2013-10-25,,,0.0161577,0.137763,0.12738,0.109424,
2013-10-28,,,0.0127185,0.136285,0.125074,0.10532,
2013-10-29,,,0.0143775,0.135189,0.12128,0.0981137,
2013-10-30,,,0.0193797,0.136132,0.119542,0.0976533,
2013-10-31,,,0.0199435,0.136516,0.118636,0.103639,
2013-11-01,,,0.0261895,0.130707,0.115382,0.0985574,
2013-11-04,,,0.0459899,0.129517,0.112272,0.0931541,
2013-11-05,,,0.0862106,0.12502,0.110698,0.0931597,
2013-11-06,,,0.150805,0.110964,0.108501,0.0937978,
2013-11-07,,,0.312972,0.126403,0.105541,0.0892151,
2013-11-08,,,0.273798,0.11135,0.116906,0.132991,
2013-11-11,,,0.13784,0.110073,0.123922,0.145531,
2013-11-12,,,0.0846361,0.110596,0.120367,0.130852,
2013-11-13,,,0.062339,0.107445,0.116923,0.11972,
2013-11-14,,,0.0378567,0.098988,0.118619,0.122792,
2013-11-15,,,0.0252768,0.0958343,0.117169,0.116999,
2013-11-18,,,0.0222738,0.0974244,0.114649,0.109462,
2013-11-19,,,0.0186046,0.0991897,0.113078,0.108893,
2013-11-20,,,0.0160496,0.0981708,0.111009,0.106456,
2013-11-21,,,0.0158262,0.101206,0.108536,0.102806,
2013-11-22,,,0.00925636,0.101723,0.111879,0.113579,
2013-11-25,,,0.00604776,0.101089,0.109898,0.107594,
2013-11-26,,,0.00450753,0.100963,0.106702,0.100645,
2013-11-27,,,0.00436338,0.0996603,0.103541,0.0940951,
2013-11-29,,,0.00545469,0.0968464,0.100661,0.0892509,
2013-12-02,,,0.00702654,0.0969513,0.09804,0.08756,
2013-12-03,,,0.00972738,0.0980203,0.0955809,0.0865762,
2013-12-04,,,0.0134384,0.0968775,0.0936964,0.0877469,
2013-12-05,,,0.0229401,0.0963036,0.0910247,0.0851546,
2013-12-06,,,0.0406054,0.103096,0.089007,0.0855011,
2013-12-09,,,0.0432321,0.0866113,0.0965105,0.10798,
2013-12-10,,,0.0625616,0.0770451,0.0936846,0.0999736,
2013-12-11,,,0.106101,0.0908629,0.09122,0.0954542,
2013-12-12,,,0.0686967,0.0908905,0.102104,0.129176,
2013-12-13,,,0.0540523,0.0853219,0.0992837,0.118456,
2013-12-16,,,0.0567319,0.0857781,0.0964993,0.108616,
2013-12-17,,,0.0686291,0.0845136,0.0966785,0.107198,
2013-12-18,,,0.103703,0.0992694,0.0938869,0.10025,
2013-12-19,,,0.0594457,0.0981888,0.109642,0.137794,
2013-12-20,,,0.0387454,0.100189,0.106711,0.125927,
2013-12-23,,,0.0197856,0.0961685,0.108256,0.125098,
2013-12-24,,,0.0107519,0.0956941,0.106481,0.116815,
2013-12-26,,,0.00720194,0.0955551,0.104042,0.108505,
2013-12-27,,,0.006468,0.0957627,0.101588,0.10164,
2013-12-30,,,0.00785621,0.0957276,0.098527,0.0952729,
2013-12-31,,,0.0131004,0.0952375,0.0957014,0.0899619,
2014-01-02,,,0.0255478,0.101551,0.0937989,0.0877482,
2014-01-03,,,0.0207002,0.100187,0.0980758,0.108011,
2014-01-06,,,0.024455,0.101074,0.0952518,0.100068,
2014-01-07,,,0.03329,0.101858,0.0933049,0.0975732,
2014-01-08,,,0.046827,0.0958374,0.0944895,0.101018,
2014-01-09,,,0.08566,0.0959764,0.0917113,0.0943915,
2014-01-10,,,0.182011,0.0960471,0.0895086,0.0900693,
2014-01-13,,,0.377631,0.097838,0.0890196,0.0907068,
2014-01-14,,,0.357947,0.103213,0.102111,0.131157,
2014-01-15,,,0.292967,0.103399,0.10922,0.140509,
2014-01-16,,,0.2749,0.103112,0.107057,0.128461,
2014-01-17,,,0.291153,0.103783,0.103946,0.11741,
2014-01-21,,,0.343189,0.091024,0.101353,0.110001,
2014-01-22,,,0.480176,0.0901458,0.0991145,0.103085,
2014-01-23,,,0.819235,0.0937415,0.0966696,0.0969543,
2014-01-24,,,0.999462,0.122603,0.100098,0.112103,
2014-01-27,,,0.990191,0.122612,0.131147,0.187867,
2014-01-28,,,0.989552,0.127624,0.128605,0.170244,
2014-01-29,,,0.99229,0.130835,0.130475,0.163334,
2014-01-30,,,0.994199,0.139329,0.13125,0.159287,
2014-01-31,,,0.992986,0.139244,0.136758,0.163986,
2014-02-03,,,0.999977,0.161097,0.133886,0.150491,
2014-02-04,,,0.921867,0.165029,0.163444,0.221759,
2014-02-05,,,0.852795,0.164855,0.162278,0.202443,
2014-02-06,,,0.832059,0.170458,0.157431,0.178818,
2014-02-07,,,0.730556,0.177372,0.161498,0.180486,
2014-02-10,,,0.401278,0.177185,0.164879,0.180814,
2014-02-11,,,0.271463,0.179635,0.159975,0.160165,
2014-02-12,,,0.127185,0.172449,0.159559,0.154906,
2014-02-13,,,0.0703037,0.168974,0.154778,0.138446,
2014-02-14,,,0.0361383,0.169004,0.152169,0.130707,
2014-02-18,,,0.0212784,0.169137,0.148414,0.120657,
2014-02-19,,,0.0167657,0.169758,0.144377,0.111299,
2014-02-20,,,0.0125815,0.171204,0.141191,0.108879,
2014-02-21,,,0.00813124,0.171039,0.139858,0.110211,
2014-02-24,,,0.00729328,0.168404,0.135598,0.101787,
2014-02-25,,,0.00670063,0.14482,0.133516,0.10144,
2014-02-26,,,0.00802072,0.142493,0.129539,0.0955633,
2014-02-27,,,0.0132659,0.140064,0.12574,0.090222,
2014-02-28,,,0.0255425,0.133977,0.122769,0.0882369,
2014-03-03,,,0.0551376,0.132599,0.119644,0.085856,
2014-03-04,,,0.0796137,0.13805,0.118893,0.0962215,
2014-03-05,,,0.0388931,0.0934031,0.129749,0.133646,
2014-03-06,,,0.0218419,0.0918582,0.125846,0.121272,
2014-03-07,,,0.0166268,0.0904814,0.12223,0.110959,
2014-03-10,,,0.0186766,0.0854144,0.118592,0.102363,
2014-03-11,,,0.0264806,0.081174,0.115319,0.0974655,mid
2014-03-12,,,0.0355565,0.0812777,0.113496,0.0992143,mid
2014-03-13,,,0.0633468,0.0900703,0.110089,0.0929235,low
2014-03-14,,,0.0425873,0.0901915,0.116393,0.122151,mid
2014-03-17,,,0.0381619,0.0913023,0.112852,0.111568,mid
2014-03-18,,,0.0350928,0.092994,0.113544,0.113389,mid
2014-03-19,,,0.0357634,0.0964899,0.113368,0.112491,mid
2014-03-20,,,0.0321945,0.0951986,0.112811,0.114324,mid
2014-03-21,,,0.0375038,0.0933213,0.110859,0.108359,low
2014-03-24,,,0.0532555,0.097187,0.10795,0.102592,low
2014-03-25,,,0.0617738,0.0954422,0.108227,0.108913,low
2014-03-26,,,0.0934782,0.0999332,0.105439,0.101539,low
2014-03-27,,,0.105025,0.0998186,0.107286,0.112603,low
2014-03-28,,,0.145078,0.101126,0.104129,0.10444,low
2014-03-31,,,0.223196,0.106712,0.103472,0.103056,low
2014-04-01,,,0.282177,0.107191,0.10776,0.115016,low
2014-04-02,,,0.354313,0.0940823,0.109434,0.117553,low
2014-04-03,,,0.536767,0.0943306,0.106794,0.108888,low
2014-04-04,,,0.930061,0.104778,0.103823,0.102207,low
2014-04-07,,,0.978994,0.114368,0.112738,0.132655,mid
2014-04-08,,,0.975333,0.116242,0.121824,0.154608,mid
2014-04-09,,,0.988024,0.121727,0.119731,0.141217,mid
2014-04-10,,,0.999507,0.142937,0.1234,0.143963,mid
2014-04-11,,,0.928263,0.14225,0.146461,0.198432,high
2014-04-14,,,0.656045,0.145404,0.148522,0.192216,high
2014-04-15,,,0.464488,0.144636,0.147018,0.17593,high
2014-04-16,,,0.350496,0.148218,0.144898,0.161097,high
2014-04-17,,,0.154557,0.146727,0.14712,0.160094,high
2014-04-21,,,0.0765371,0.146157,0.142748,0.142801,high
2014-04-22,,,0.044985,0.147161,0.138893,0.129296,high
2014-04-23,,,0.0296032,0.144875,0.13629,0.121438,high
2014-04-24,,,0.0260038,0.144656,0.132181,0.111288,high
2014-04-25,,,0.0326063,0.146025,0.128189,0.102579,mid
2014-04-28,,,0.0166207,0.14594,0.130265,0.119663,mid
2014-04-29,,,0.0104507,0.145695,0.126302,0.10956,mid
2014-04-30,,,0.00712777,0.142209,0.124172,0.105819,mid
2014-05-01,,,0.00562574,0.139107,0.121705,0.101631,mid
2014-05-02,,,0.00622488,0.138578,0.118174,0.095066,mid
2014-05-05,,,0.0093454,0.13864,0.114583,0.0896611,mid
2014-05-06,,,0.017869,0.134196,0.111278,0.0856447,low
2014-05-07,,,0.0149045,0.126051,0.112879,0.102971,mid
2014-05-08,,,0.0138059,0.125397,0.112225,0.103282,mid
2014-05-09,,,0.0173631,0.119928,0.108971,0.0973097,low
2014-05-12,,,0.0302229,0.0968859,0.105814,0.0915742,low
2014-05-13,,,0.0261635,0.0855925,0.112447,0.114744,mid
2014-05-14,,,0.0307147,0.0872463,0.109129,0.106164,low
2014-05-15,,,0.0348185,0.0924446,0.107948,0.106872,low
2014-05-16,,,0.0226571,0.0856755,0.110302,0.118311,low
2014-05-19,,,0.0186189,0.0863942,0.108427,0.111413,low
2014-05-20,,,0.0211412,0.0908016,0.106184,0.104859,low
2014-05-21,,,0.0143401,0.092022,0.107421,0.11315,low
2014-05-22,,,0.00891499,0.092739,0.107536,0.112115,low
2014-05-23,,,0.00703302,0.0942136,0.10529,0.105319,low
2014-05-27,,,0.00618544,0.087731,0.104085,0.102434,low
2014-05-28,,,0.00469698,0.087941,0.103965,0.102984,low
2014-05-29,,,0.00416802,0.0877831,0.100874,0.0965866,low
2014-05-30,,,0.00342077,0.0870129,0.0997144,0.0953513,low
2014-06-02,,,0.00322568,0.0870398,0.0968664,0.0900517,low
2014-06-03,,,0.00337396,0.0871144,0.0942321,0.0861453,low
2014-06-04,,,0.00384562,0.0873582,0.0913624,0.0828302,low
2014-06-05,,,0.00490332,0.0813083,0.0894203,0.0817964,low
2014-06-06,,,0.00477843,0.0806399,0.0902611,0.0882939,low
2014-06-09,,,0.00453609,0.0798143,0.0898784,0.0897829,low
2014-06-10,,,0.00561986,0.0809084,0.0871663,0.0854947,low
2014-06-11,,,0.00779701,0.0743479,0.0847936,0.0838052,low
2014-06-12,,,0.0103941,0.0796605,0.0833112,0.0855317,low
2014-06-13,,,0.00637256,0.0765304,0.0856684,0.0982788,low
2014-06-16,,,0.00478022,0.0669093,0.0840404,0.0938283,low
2014-06-17,,,0.00473799,0.0666087,0.0815318,0.0886608,low
2014-06-18,,,0.00546739,0.0690085,0.0805411,0.087449,low
2014-06-19,,,0.00421282,0.0592351,0.0830786,0.0947278,low
2014-06-20,,,0.0041338,0.0569215,0.0806985,0.0894545,low
2014-06-23,,,0.00495072,0.0576652,0.0789624,0.0863475,low
2014-06-24,,,0.00687421,0.0623948,0.0766782,0.0836873,low
2014-06-25,,,0.00508078,0.0606599,0.0778768,0.0922837,low
2014-06-26,,,0.0041171,0.0605935,0.0773681,0.090834,low
2014-06-27,,,0.00377301,0.0593357,0.0750866,0.0869349,low
2014-06-30,,,0.00405884,0.0593198,0.0735662,0.0843963,low
2014-07-01,,,0.00541669,0.0619248,0.0714533,0.0813579,low
2014-07-02,,,0.00596817,0.0627747,0.0735025,0.0875754,low
2014-07-03,,,0.007628,0.0638233,0.0716502,0.0855644,low
2014-07-07,,,0.0109038,0.0653836,0.0721841,0.0872779,low
2014-07-08,,,0.0115661,0.06744,0.0733267,0.0936768,low
2014-07-09,,,0.00853027,0.0692261,0.0749875,0.0996781,low
2014-07-10,,,0.00768587,0.0708998,0.0750153,0.0972083,low
2014-07-11,,,0.00576764,0.0695535,0.0747535,0.0975984,low
2014-07-14,,,0.00604515,0.0638314,0.072545,0.0916389,low
2014-07-15,,,0.00840006,0.064071,0.0713346,0.0883966,low
2014-07-16,,,0.0133632,0.0645477,0.0695835,0.0862659,low
2014-07-17,,,0.026003,0.0723754,0.0684852,0.0842447,low
2014-07-18,,,0.0220853,0.0738861,0.0755516,0.10517,low
2014-07-21,,,0.016173,0.0745986,0.080279,0.11072,low
2014-07-22,,,0.0141915,0.0761702,0.0786369,0.104892,low
2014-07-23,,,0.0157099,0.0760517,0.0788847,0.102071,low
2014-07-24,,,0.0249165,0.072675,0.0765726,0.0952058,low
2014-07-25,,,0.0499101,0.0734547,0.0746229,0.0901426,low
2014-07-28,,,0.0868414,0.073438,0.074343,0.0923086,low
2014-07-29,,,0.175392,0.0749011,0.0721415,0.0880137,low
2014-07-30,,,0.302415,0.0747844,0.072393,0.0918237,low
2014-07-31,,,0.615773,0.0949279,0.0701892,0.0871681,low
2014-08-01,,,0.387683,0.0955089,0.0993731,0.154208,low
2014-08-04,,,0.299907,0.0941282,0.0966068,0.138022,low
2014-08-05,,,0.272389,0.0958006,0.0944152,0.12542,low
2014-08-06,,,0.223787,0.0942195,0.0965824,0.12786,low
2014-08-07,,,0.215927,0.0941472,0.0936592,0.116315,low
2014-08-08,,,0.197489,0.106908,0.0952209,0.119574,low
2014-08-11,,,0.0933008,0.107567,0.106035,0.138768,low
2014-08-12,,,0.0506439,0.106768,0.103442,0.12594,low
2014-08-13,,,0.0313611,0.109763,0.10059,0.115882,low
2014-08-14,,,0.0194184,0.11099,0.100799,0.11337,low
2014-08-15,,,0.0137876,0.106217,0.0999099,0.108852,low
2014-08-18,,,0.0140745,0.107435,0.0968689,0.100784,low
2014-08-19,,,0.00860331,0.108179,0.101062,0.111595,low
2014-08-20,,,0.00555745,0.107377,0.099907,0.106869,low
2014-08-21,,,0.00426548,0.107531,0.0977933,0.100766,low
2014-08-22,,,0.00412737,0.107763,0.0951684,0.0946356,low
2014-08-25,,,0.00380302,0.107414,0.0926825,0.0914391,low
2014-08-26,,,0.00329576,0.107291,0.0916258,0.0906968,low
2014-08-27,,,0.00317634,0.105475,0.0888572,0.086211,low
2014-08-28,,,0.00320294,0.105583,0.0861525,0.0829043,low
2014-08-29,,,0.00324577,0.0783655,0.0835661,0.0806579,low
2014-09-02,,,0.00324206,0.0784876,0.0821908,0.0807765,low
2014-09-03,,,0.00360015,0.0787536,0.0797318,0.0785293,low
2014-09-04,,,0.00438629,0.0712251,0.0773177,0.0771529,low
2014-09-05,,,0.0060924,0.0711449,0.0750161,0.0763647,low
2014-09-08,,,0.00902341,0.0648185,0.0750015,0.0798977,low
2014-09-09,,,0.0138705,0.0605387,0.0735513,0.0813761,low
2014-09-10,,,0.0120906,0.0603406,0.0766949,0.095315,low
2014-09-11,,,0.0156948,0.0589951,0.0747126,0.0901833,low
2014-09-12,,,0.0279617,0.0642122,0.0726287,0.0859225,low
2014-09-15,,,0.0315499,0.0630733,0.0762493,0.0992032,low
2014-09-16,,,0.0448003,0.0664591,0.0744125,0.0948803,low
2014-09-17,,,0.0664758,0.0585763,0.0768136,0.0984199,low
2014-09-18,,,0.124925,0.0575793,0.0745216,0.0922855,low
2014-09-19,,,0.259301,0.0572141,0.0737813,0.0899898,low
2014-09-22,,,0.540977,0.0670329,0.0720271,0.0877601,low
2014-09-23,,,0.641125,0.0707635,0.0802205,0.11108,low
2014-09-24,,,0.730457,0.0742814,0.0825428,0.115006,low
2014-09-25,,,0.861277,0.0881182,0.0853765,0.115488,low
2014-09-26,,,0.844508,0.0933294,0.0995512,0.145785,low
2014-09-29,,,0.843038,0.0933843,0.101095,0.139129,low
2014-09-30,,,0.876111,0.0927654,0.0982431,0.126349,low
2014-10-01,,,0.937348,0.101284,0.0968113,0.119883,low
2014-10-02,,,0.928498,0.101783,0.106999,0.143899,mid
2014-10-03,,,0.948556,0.111004,0.103872,0.129334,low
2014-10-06,,,0.961095,0.108979,0.109404,0.136182,mid
2014-10-07,,,0.998618,0.119989,0.106658,0.125185,mid
2014-10-08,,,0.999656,0.134671,0.120848,0.160144,mid
2014-10-09,,,0.999995,0.151331,0.1335,0.177771,high
2014-10-10,,,0.999646,0.155445,0.153896,0.216392,high
2014-10-13,,,0.999315,0.162628,0.15791,0.211975,high
2014-10-14,,,0.965307,0.165842,0.167221,0.222028,high
2014-10-15,,,0.953084,0.162049,0.163817,0.198111,high
2014-10-16,,,0.954211,0.16402,0.159831,0.178176,high
2014-10-17,,,0.977715,0.170851,0.156091,0.160264,high
2014-10-20,,,0.98918,0.177537,0.158418,0.161961,high
2014-10-21,,,0.999062,0.194131,0.159424,0.160017,high
2014-10-22,,,0.961569,0.194826,0.177062,0.203129,high
2014-10-23,,,0.902189,0.198613,0.174915,0.189456,high
2014-10-24,,,0.730104,0.194069,0.176968,0.186675,high
2014-10-27,,,0.61121,0.192278,0.174119,0.171435,high
2014-10-28,,,0.570312,0.197323,0.168837,0.152472,high
2014-10-29,,,0.420582,0.196411,0.171415,0.15979,high
2014-10-30,,,0.367534,0.193652,0.16622,0.142457,high
2014-10-31,,,0.171771,0.193742,0.169219,0.15347,high
2014-11-03,,,0.0830243,0.191334,0.164904,0.139301,high
2014-11-04,,,0.0475174,0.191634,0.159881,0.125538,high
2014-11-05,,,0.0263421,0.180551,0.155696,0.117975,high
2014-11-06,,,0.0140333,0.173968,0.152758,0.11379,high
2014-11-07,,,0.00751055,0.151278,0.149408,0.108662,high
2014-11-10,,,0.00500782,0.138557,0.144885,0.100465,high
2014-11-11,,,0.00384865,0.115455,0.141133,0.0958082,high
2014-11-12,,,0.00356129,0.117117,0.13686,0.0902198,high
2014-11-13,,,0.00352891,0.114451,0.132722,0.086363,high
2014-11-14,,,0.0033903,0.115853,0.128809,0.0841026,high
2014-11-17,,,0.00353054,0.113269,0.12489,0.0813444,high
2014-11-18,,,0.00430386,0.110755,0.121145,0.0789894,mid
2014-11-19,,,0.00407294,0.0896125,0.119763,0.0850849,mid
2014-11-20,,,0.00426796,0.0794389,0.116203,0.0827759,mid
2014-11-21,,,0.00533723,0.0719761,0.113321,0.0817403,mid
2014-11-24,,,0.00606026,0.0701424,0.112194,0.0865175,mid
2014-11-25,,,0.0082875,0.0701844,0.109962,0.0861416,mid
2014-11-26,,,0.0141385,0.0595413,0.106654,0.0832356,mid
2014-11-28,,,0.0294296,0.0613569,0.10354,0.0805433,low
2014-12-01,,,0.0605244,0.0586844,0.100755,0.0807321,low
2014-12-02,,,0.0686179,0.060592,0.103677,0.101648,low
2014-12-03,,,0.0878684,0.0632344,0.103564,0.102362,low
2014-12-04,,,0.122894,0.0613606,0.103628,0.103342,low
2014-12-05,,,0.205894,0.0592075,0.100649,0.097351,low
2014-12-08,,,0.416348,0.0654136,0.0977686,0.0916248,low
2014-12-09,,,0.574793,0.0654699,0.0994327,0.103652,low
2014-12-10,,,0.976611,0.0898806,0.0965923,0.0966259,low
2014-12-11,,,0.977171,0.0914828,0.115377,0.151316,mid
2014-12-12,,,0.995548,0.104832,0.113394,0.13817,mid
2014-12-15,,,0.990685,0.106194,0.124008,0.162037,high
2014-12-16,,,0.992842,0.108021,0.122178,0.150351,mid
2014-12-17,,,0.999889,0.134398,0.121224,0.143271,mid
2014-12-18,,,0.997192,0.153061,0.145206,0.192201,high
2014-12-19,,,0.574963,0.153709,0.16403,0.220467,high
2014-12-22,,,0.367841,0.153864,0.160283,0.1958,high
2014-12-23,,,0.280267,0.153118,0.156126,0.173976,high
2014-12-24,,,0.251196,0.152637,0.151959,0.15542,high
2014-12-26,,,0.260784,0.152647,0.147345,0.138819,high
2014-12-29,,,0.31712,0.152727,0.14313,0.125515,high
2014-12-30,,,0.469048,0.153744,0.139058,0.114649,high
2014-12-31,,,0.681859,0.15442,0.136236,0.112079,high
2015-01-02,,,0.768423,0.152993,0.137428,0.124784,high
2015-01-05,,,0.995491,0.163639,0.133255,0.113541,high
2015-01-06,,,0.996622,0.166531,0.146805,0.162866,high
2015-01-07,,,0.997574,0.173137,0.147261,0.160963,high
2015-01-08,,,0.99862,0.182469,0.151009,0.164423,high
2015-01-09,,,0.984552,0.184793,0.162118,0.186522,high
2015-01-12,,,0.968763,0.176399,0.160217,0.174826,high
2015-01-13,,,0.948307,0.176049,0.158505,0.165895,high
2015-01-14,,,0.94875,0.168767,0.154044,0.149329,high
2015-01-15,,,0.960695,0.170613,0.150683,0.139356,high
2015-01-16,,,0.965225,0.17478,0.150041,0.140718,high
2015-01-20,,,0.943765,0.158184,0.155471,0.15546,high
2015-01-21,,,0.948554,0.140557,0.150738,0.138987,high
2015-01-22,,,0.969322,0.149383,0.148632,0.132113,high
2015-01-23,,,0.957944,0.149668,0.155646,0.153957,high
2015-01-26,,,0.959283,0.150367,0.151988,0.142201,high
2015-01-27,,,0.980866,0.153122,0.148781,0.131529,high
2015-01-28,,,0.99613,0.159675,0.148009,0.134165,high
2015-01-29,,,0.993589,0.163389,0.153606,0.156661,high
2015-01-30,,,0.996096,0.169447,0.153155,0.151078,high
2015-02-02,,,0.977456,0.172284,0.158745,0.169096,high
2015-02-03,,,0.947246,0.18079,0.160268,0.166863,high
2015-02-04,,,0.730227,0.16917,0.166481,0.178162,high
2015-02-05,,,0.60381,0.167083,0.162139,0.160866,high
2015-02-06,,,0.466399,0.163946,0.161602,0.155454,high
2015-02-09,,,0.367639,0.153044,0.157952,0.144257,high
2015-02-10,,,0.299617,0.154982,0.154363,0.135037,high
2015-02-11,0.550343,turbulent,0.177831,0.151742,0.155881,0.140968,high
2015-02-12,0.569811,turbulent,0.127621,0.154212,0.151188,0.127365,high
2015-02-13,0.376284,calm,0.0563364,0.152223,0.151957,0.132472,high
2015-02-17,0.232241,calm,0.0254354,0.146958,0.148001,0.121455,high
2015-02-18,0.143768,calm,0.0133313,0.140973,0.143577,0.110888,high
2015-02-19,0.106818,calm,0.00894976,0.14108,0.139543,0.102984,high
2015-02-20,0.0992719,calm,0.00817158,0.140952,0.135319,0.0963645,high
2015-02-23,0.0798641,calm,0.00705879,0.132878,0.133727,0.0991474,high
2015-02-24,0.065006,calm,0.00858397,0.131056,0.129656,0.0930646,mid
2015-02-25,0.0610195,calm,0.0144122,0.130486,0.125871,0.0883027,mid
2015-02-26,0.0850933,calm,0.0293177,0.126819,0.122037,0.0844287,mid
2015-02-27,0.087318,calm,0.0539372,0.114369,0.119145,0.0862723,mid
2015-03-02,0.0848786,calm,0.10462,0.112611,0.115884,0.0852669,mid
2015-03-03,0.112104,calm,0.191228,0.0984208,0.115064,0.090488,mid
2015-03-04,0.172797,calm,0.328688,0.096908,0.112777,0.0922039,mid
2015-03-05,0.111738,calm,0.49131,0.0834587,0.111668,0.0977279,mid
2015-03-06,0.806507,turbulent,0.89183,0.0987272,0.10876,0.0926951,mid
2015-03-09,0.598257,turbulent,0.908196,0.0938423,0.120026,0.135798,mid
2015-03-10,0.973175,turbulent,0.967706,0.10661,0.117168,0.124033,mid
2015-03-11,0.8077,turbulent,0.949207,0.105145,0.127857,0.154838,mid
2015-03-12,0.882808,turbulent,0.956012,0.10805,0.123968,0.138355,mid
2015-03-13,0.837314,turbulent,0.942542,0.110031,0.130765,0.150557,high
2015-03-16,0.911673,turbulent,0.937544,0.114766,0.128822,0.141786,mid
2015-03-17,0.780938,turbulent,0.890718,0.114472,0.135971,0.155074,high
2015-03-18,0.849708,turbulent,0.876449,0.122772,0.132281,0.140504,high
2015-03-19,0.750899,turbulent,0.821769,0.123427,0.137382,0.149892,high
2015-03-20,0.730483,turbulent,0.797523,0.12826,0.134107,0.137878,high
2015-03-23,0.592601,turbulent,0.76503,0.126762,0.135948,0.139793,high
2015-03-24,0.586509,turbulent,0.766185,0.128274,0.132216,0.127865,high
2015-03-25,0.968033,turbulent,0.780091,0.137727,0.129971,0.123297,mid
2015-03-26,0.8245,turbulent,0.539782,0.137706,0.13851,0.153012,high
2015-03-27,0.626821,turbulent,0.434004,0.13853,0.134452,0.137742,high
2015-03-30,0.750856,turbulent,0.394476,0.145577,0.131431,0.126545,high
2015-03-31,0.75236,turbulent,0.271373,0.145326,0.136441,0.139876,high
2015-04-01,0.66616,turbulent,0.154988,0.145302,0.134538,0.134395,high
2015-04-02,0.464222,calm,0.0823125,0.144765,0.131447,0.125726,high
2015-04-06,0.358243,calm,0.0509395,0.146565,0.128428,0.116564,mid
2015-04-07,0.324689,calm,0.030009,0.137254,0.127484,0.115049,mid
2015-04-08,0.209402,calm,0.0160316,0.137564,0.124644,0.110468,mid
2015-04-09,0.131426,calm,0.00951541,0.124988,0.122126,0.105149,mid
2015-04-10,0.0906755,calm,0.00760488,0.124974,0.118872,0.0985891,mid
2015-04-13,0.122811,calm,0.00862337,0.119386,0.115798,0.0936029,mid
2015-04-14,0.0863853,calm,0.00853249,0.116845,0.113677,0.0952947,mid
2015-04-15,0.0738802,calm,0.0123262,0.108466,0.110366,0.0899765,mid
2015-04-16,0.0684436,calm,0.0205535,0.107812,0.108624,0.0900133,mid
2015-04-17,0.41179,calm,0.0410149,0.106633,0.105343,0.0861155,low
2015-04-20,0.34488,calm,0.028046,0.109292,0.110987,0.114751,mid
2015-04-21,0.229557,calm,0.0162151,0.103227,0.111924,0.116043,mid
2015-04-22,0.144999,calm,0.0122958,0.103583,0.108547,0.106822,mid
2015-04-23,0.0973136,calm,0.0131077,0.101856,0.10613,0.100813,low
2015-04-24,0.0797657,calm,0.0198935,0.0855533,0.103421,0.095132,low
2015-04-27,0.145242,calm,0.037935,0.0885846,0.100284,0.0899897,low
2015-04-28,0.0986945,calm,0.0551131,0.0877523,0.0999568,0.0965891,low
2015-04-29,0.130552,calm,0.10275,0.0785384,0.0970029,0.090876,low
2015-04-30,0.358926,calm,0.172275,0.0819673,0.0957683,0.0934714,low
2015-05-01,0.455527,calm,0.198232,0.0894229,0.0994422,0.110352,low
2015-05-04,0.28786,calm,0.19986,0.0891359,0.105834,0.124031,low
2015-05-05,0.841647,turbulent,0.236393,0.0978794,0.103479,0.114432,low
2015-05-06,0.706069,turbulent,0.154626,0.0973355,0.112799,0.140778,mid
2015-05-07,0.51777,turbulent,0.1154,0.0977087,0.109894,0.128787,mid
2015-05-08,0.609689,turbulent,0.101469,0.105541,0.108373,0.120513,mid
2015-05-11,0.52293,turbulent,0.0600133,0.105864,0.114172,0.13183,mid
2015-05-12,0.422694,calm,0.0355186,0.10522,0.111674,0.12304,mid
2015-05-13,0.287261,calm,0.0226756,0.105083,0.10895,0.114985,mid
2015-05-14,0.304368,calm,0.0193705,0.109156,0.105693,0.106118,low
2015-05-15,0.185537,calm,0.010329,0.109328,0.108983,0.115014,mid
2015-05-18,0.124743,calm,0.00717919,0.102164,0.105915,0.105893,low
2015-05-19,0.0972473,calm,0.00603207,0.0989643,0.104069,0.101275,low
2015-05-20,0.0831402,calm,0.00667126,0.0990129,0.100952,0.0951057,low
2015-05-21,0.066357,calm,0.00948545,0.0985557,0.0979532,0.0903731,low
2015-05-22,0.0703608,calm,0.0175411,0.0983985,0.0953018,0.0864376,low
2015-05-26,0.365511,calm,0.0349247,0.105155,0.0926225,0.084362,low
2015-05-27,0.306203,calm,0.0255173,0.106764,0.0987602,0.110994,low
2015-05-28,0.22247,calm,0.0167381,0.106977,0.10051,0.113127,low
2015-05-29,0.268798,calm,0.0140069,0.107595,0.0977151,0.105448,low
2015-06-01,0.16444,calm,0.00903373,0.102302,0.0972475,0.106712,low
2015-06-02,0.117398,calm,0.00831018,0.094812,0.0946105,0.0993034,low
2015-06-03,0.0843301,calm,0.0107361,0.0941146,0.0917545,0.0933625,low
2015-06-04,0.23629,calm,0.0189741,0.0864971,0.0890677,0.0883447,low
2015-06-05,0.154748,calm,0.0167877,0.085825,0.0920764,0.1034,low
2015-06-08,0.265934,calm,0.0215109,0.0876629,0.0892717,0.0963774,low
2015-06-09,0.175757,calm,0.0199188,0.076599,0.0908186,0.104573,low
2015-06-10,0.262039,calm,0.0261391,0.0858063,0.0880668,0.0974651,low
2015-06-11,0.161648,calm,0.0208709,0.0857199,0.0953927,0.114561,low
2015-06-12,0.214281,calm,0.0236517,0.0880468,0.0932255,0.106379,low
2015-06-15,0.237194,calm,0.0248009,0.0823396,0.0930435,0.107487,low
2015-06-16,0.169049,calm,0.0264144,0.0849592,0.0922866,0.106606,low
2015-06-17,0.109813,calm,0.0338256,0.0839497,0.0922485,0.104563,low
2015-06-18,0.167344,calm,0.0574658,0.0918447,0.0900509,0.0981145,low
2015-06-19,0.16969,calm,0.0704656,0.0927938,0.0958032,0.11185,low
2015-06-22,0.122614,calm,0.0951109,0.0944407,0.0941728,0.107709,low
2015-06-23,0.0961067,calm,0.148727,0.0943135,0.0935601,0.104317,low
2015-06-24,0.241779,calm,0.277579,0.0910758,0.0907697,0.0975225,low
2015-06-25,0.200864,calm,0.364246,0.0870439,0.0933518,0.108599,low
2015-06-26,0.131227,calm,0.535593,0.0869373,0.0912455,0.103378,low
2015-06-29,0.995142,turbulent,0.963557,0.112942,0.0884812,0.0962458,low
2015-06-30,0.833572,turbulent,0.806473,0.113446,0.120106,0.175041,mid
2015-07-01,0.657063,turbulent,0.746632,0.115705,0.117127,0.156154,mid
2015-07-02,0.493194,calm,0.727473,0.115534,0.115571,0.143169,mid
2015-07-06,0.448675,calm,0.746338,0.113219,0.112226,0.129573,mid
2015-07-07,0.363881,calm,0.791032,0.116822,0.110153,0.122341,mid
2015-07-08,0.978943,turbulent,0.862664,0.128911,0.110816,0.120847,mid
2015-07-09,0.808977,turbulent,0.644769,0.129519,0.12666,0.16334,mid
2015-07-10,0.818966,turbulent,0.560305,0.129985,0.123284,0.146114,mid
2015-07-13,0.775942,turbulent,0.408966,0.134603,0.127411,0.149383,mid
2015-07-14,0.571043,turbulent,0.227905,0.133934,0.129466,0.147621,high
2015-07-15,0.477413,calm,0.14898,0.133302,0.126504,0.134252,mid
2015-07-16,0.340489,calm,0.106338,0.133403,0.123401,0.1245,mid
2015-07-17,0.3337,calm,0.0859721,0.134153,0.121867,0.118723,mid
2015-07-20,0.259802,calm,0.0737893,0.129039,0.119582,0.114538,mid
2015-07-21,0.249924,calm,0.0757507,0.129132,0.116402,0.107579,mid
2015-07-22,0.155335,calm,0.0859882,0.127513,0.114073,0.10501,mid
2015-07-23,0.190322,calm,0.126003,0.128331,0.110697,0.0975975,mid
2015-07-24,0.551192,turbulent,0.180062,0.130334,0.109158,0.0995885,mid
2015-07-27,0.617872,turbulent,0.17834,0.131602,0.113511,0.119937,mid
2015-07-28,0.757543,turbulent,0.172356,0.14048,0.113131,0.120393,mid
2015-07-29,0.695477,turbulent,0.115018,0.122534,0.120423,0.136737,mid
2015-07-30,0.480235,calm,0.054489,0.122247,0.122143,0.136043,mid
2015-07-31,0.314361,calm,0.0309978,0.1209,0.11863,0.123002,mid
2015-08-03,0.246999,calm,0.0233198,0.121179,0.115017,0.112153,mid
2015-08-04,0.165923,calm,0.0216714,0.12005,0.112013,0.105772,mid
2015-08-05,0.110491,calm,0.0282495,0.117816,0.108624,0.0985125,mid
2015-08-06,0.150181,calm,0.0475987,0.101478,0.106255,0.0944513,low
2015-08-07,0.122772,calm,0.0721898,0.101638,0.10489,0.0971719,low
2015-08-10,0.348476,calm,0.127496,0.104871,0.10198,0.0930083,low
2015-08-11,0.511977,turbulent,0.125531,0.103138,0.112099,0.123522,mid
2015-08-12,0.328432,calm,0.1095,0.102126,0.112881,0.126235,mid
2015-08-13,0.22926,calm,0.119003,0.101556,0.109527,0.114757,mid
2015-08-14,0.152185,calm,0.156903,0.100663,0.106328,0.106295,low
2015-08-17,0.118319,calm,0.243958,0.10143,0.104677,0.102141,low
2015-08-18,0.105336,calm,0.407235,0.101259,0.104026,0.101425,low
2015-08-19,0.252337,calm,0.752124,0.104123,0.101202,0.0965621,low
2015-08-20,0.99673,turbulent,0.999603,0.127564,0.102905,0.107845,low
2015-08-21,0.999999,turbulent,1,0.158049,0.129604,0.178077,high
2015-08-24,1,turbulent,1,0.207477,0.166417,0.249317,high
2015-08-25,0.99535,turbulent,0.999826,0.210646,0.228088,0.357273,high
2015-08-26,0.999999,turbulent,1,0.239412,0.228135,0.326298,high
2015-08-27,0.999897,turbulent,0.999995,0.256452,0.254712,0.355075,high
2015-08-28,0.839003,turbulent,0.989458,0.256648,0.266673,0.351672,high
2015-08-31,0.861743,turbulent,0.993452,0.257196,0.258763,0.305643,high
2015-09-01,0.999998,turbulent,1,0.272535,0.252626,0.271773,high
2015-09-02,0.987704,turbulent,0.999238,0.281286,0.26886,0.307693,high
2015-09-03,0.825517,turbulent,0.993554,0.281327,0.268428,0.287987,high
2015-09-04,0.988456,turbulent,0.999541,0.284376,0.260662,0.251764,high
2015-09-08,0.99979,turbulent,0.99999,0.300847,0.259371,0.243992,high
2015-09-09,0.992244,turbulent,0.992454,0.297547,0.269498,0.26847,high
2015-09-10,0.830442,turbulent,0.930952,0.297994,0.266304,0.252223,high
2015-09-11,0.63524,turbulent,0.912395,0.298775,0.258545,0.221249,high
2015-09-14,0.576107,turbulent,0.920485,0.298801,0.251265,0.195801,high
2015-09-15,0.686863,turbulent,0.946025,0.302196,0.244244,0.176161,high
2015-09-16,0.69264,turbulent,0.954997,0.304231,0.241377,0.173746,high
2015-09-17,0.517291,turbulent,0.961711,0.304251,0.237564,0.16766,high
2015-09-18,0.982008,turbulent,0.99533,0.307702,0.230379,0.149593,high
2015-09-21,0.81847,turbulent,0.986224,0.300762,0.232404,0.176879,high
2015-09-22,0.986175,turbulent,0.991763,0.289182,0.225837,0.158241,high
2015-09-23,0.869831,turbulent,0.962101,0.248958,0.226277,0.174864,high
2015-09-24,0.759603,turbulent,0.953514,0.243269,0.219735,0.157228,high
2015-09-25,0.55242,turbulent,0.961182,0.21568,0.213514,0.143313,high
2015-09-28,0.999988,turbulent,0.999998,0.214456,0.20702,0.128776,high
2015-09-29,0.84057,turbulent,0.993188,0.214053,0.227614,0.223036,high
2015-09-30,0.986298,turbulent,0.999011,0.225596,0.220729,0.195705,high
2015-10-01,0.825097,turbulent,0.991963,0.202784,0.226253,0.2115,high
2015-10-02,0.9547,turbulent,0.998078,0.202381,0.219366,0.18592,high
2015-10-05,0.995379,turbulent,0.996691,0.213385,0.221681,0.194167,high
2015-10-06,0.91162,turbulent,0.872029,0.206836,0.228241,0.213885,high
2015-10-07,0.843923,turbulent,0.784216,0.191005,0.222202,0.192009,high
2015-10-08,0.857194,turbulent,0.688886,0.187949,0.218715,0.17998,high
2015-10-09,0.664749,turbulent,0.497032,0.187921,0.216965,0.175999,high
2015-10-12,0.463269,calm,0.424226,0.187666,0.210355,0.156069,high
2015-10-13,0.680534,turbulent,0.409251,0.189984,0.203951,0.139379,high
2015-10-14,0.625886,turbulent,0.358308,0.186746,0.200734,0.141019,high
2015-10-15,0.771854,turbulent,0.329412,0.188611,0.195494,0.132024,high
2015-10-16,0.555649,turbulent,0.212348,0.188585,0.196126,0.145173,high
2015-10-19,0.376637,calm,0.16972,0.178076,0.19033,0.13067,high
2015-10-20,0.233594,calm,0.163251,0.177844,0.184534,0.118499,high
2015-10-21,0.3426,calm,0.189034,0.170989,0.178958,0.108442,high
2015-10-22,0.676916,turbulent,0.208277,0.175718,0.175597,0.112623,high
2015-10-23,0.48381,calm,0.144791,0.174422,0.179492,0.13969,high
2015-10-26,0.366929,calm,0.119088,0.175205,0.174997,0.128695,high
2015-10-27,0.352138,calm,0.115169,0.139499,0.169918,0.11853,high
2015-10-28,0.498036,calm,0.1201,0.141914,0.16573,0.114197,high
2015-10-29,0.334664,calm,0.096057,0.132451,0.167319,0.129572,high
2015-10-30,0.231184,calm,0.0960261,0.133056,0.16223,0.117682,high
2015-11-02,0.395446,calm,0.117963,0.12908,0.157363,0.108532,high
2015-11-03,0.242749,calm,0.108468,0.114142,0.159876,0.127076,high
2015-11-04,0.218689,calm,0.124158,0.113005,0.155201,0.115749,high
2015-11-05,0.145291,calm,0.158861,0.110104,0.151148,0.110137,high
2015-11-06,0.139912,calm,0.252559,0.105389,0.146545,0.101809,high
2015-11-09,0.411781,calm,0.425383,0.11194,0.142669,0.0987281,high
2015-11-10,0.254431,calm,0.493167,0.112149,0.143362,0.11582,high
2015-11-11,0.255497,calm,0.672284,0.10835,0.139421,0.107192,high
2015-11-12,0.923322,turbulent,0.946481,0.121097,0.136336,0.105362,high
2015-11-13,0.943676,turbulent,0.950634,0.116963,0.145118,0.14574,high
2015-11-16,0.968818,turbulent,0.942708,0.128895,0.145363,0.147261,high
2015-11-17,0.834456,turbulent,0.84899,0.129159,0.1529,0.164341,high
2015-11-18,0.953718,turbulent,0.8114,0.140386,0.148502,0.147583,high
2015-11-19,0.796701,turbulent,0.432093,0.137774,0.156684,0.167173,high
2015-11-20,0.587543,turbulent,0.269122,0.129048,0.151962,0.149057,high
2015-11-23,0.392727,calm,0.202665,0.128124,0.147961,0.134868,high
2015-11-24,0.240952,calm,0.184866,0.127941,0.143473,0.121805,high
2015-11-25,0.15038,calm,0.199658,0.126559,0.139418,0.111711,high
2015-11-27,0.102054,calm,0.261008,0.119839,0.135246,0.102969,high
2015-11-30,0.115981,calm,0.423358,0.120623,0.131169,0.0959107,mid
2015-12-01,0.158359,calm,0.705538,0.124885,0.127995,0.0950281,mid
2015-12-02,0.73914,turbulent,0.966865,0.126112,0.129616,0.107874,mid
2015-12-03,0.985419,turbulent,0.997988,0.135533,0.135754,0.136633,high
2015-12-04,0.987252,turbulent,0.998831,0.149057,0.144446,0.16347,high
2015-12-07,0.953852,turbulent,0.992645,0.15157,0.154479,0.181249,high
2015-12-08,0.914507,turbulent,0.986636,0.152866,0.153286,0.171604,high
2015-12-09,0.91302,turbulent,0.984351,0.151764,0.151096,0.160851,high
2015-12-10,0.719712,turbulent,0.982563,0.151487,0.149758,0.154745,high
2015-12-11,0.997708,turbulent,0.999375,0.163604,0.145359,0.138449,high
2015-12-14,0.843224,turbulent,0.989425,0.15583,0.159169,0.181899,high
2015-12-15,0.848979,turbulent,0.993975,0.158363,0.15432,0.161004,high
2015-12-16,0.917803,turbulent,0.998092,0.156781,0.156229,0.161012,high
2015-12-17,0.996784,turbulent,0.999863,0.166956,0.160807,0.168678,high
2015-12-18,0.995972,turbulent,0.999197,0.162386,0.168764,0.189635,high
2015-12-21,0.880726,turbulent,0.988609,0.165855,0.173464,0.197171,high
2015-12-22,0.84512,turbulent,0.987014,0.17044,0.17077,0.179952,high
2015-12-23,0.954831,turbulent,0.986472,0.180531,0.170629,0.172715,high
2015-12-24,0.799152,turbulent,0.948989,0.180187,0.1765,0.183925,high
2015-12-28,0.662304,turbulent,0.941555,0.180153,0.171176,0.163098,high
2015-12-29,0.634549,turbulent,0.954575,0.183883,0.166306,0.147039,high
2015-12-30,0.74906,turbulent,0.969521,0.185385,0.165601,0.14513,high
2015-12-31,0.812938,turbulent,0.981703,0.182844,0.163534,0.142702,high
2016-01-04,0.972686,turbulent,0.993584,0.18279,0.161408,0.140281,high
2016-01-05,0.800342,turbulent,0.989456,0.176378,0.164619,0.156719,high
2016-01-06,0.994825,turbulent,0.999734,0.172758,0.159995,0.14067,high
2016-01-07,0.999944,turbulent,0.999996,0.185393,0.168467,0.173127,high
2016-01-08,0.98692,turbulent,0.996832,0.187476,0.18526,0.218643,high
2016-01-11,0.868843,turbulent,0.983968,0.186683,0.185477,0.209725,high
2016-01-12,0.695733,turbulent,0.984738,0.188321,0.180226,0.186137,high
2016-01-13,0.999975,turbulent,0.999999,0.197178,0.176032,0.167655,high
2016-01-14,0.9735,turbulent,0.999433,0.206054,0.198325,0.232977,high
2016-01-15,0.999424,turbulent,0.999917,0.206984,0.200127,0.223574,high
2016-01-19,0.883774,turbulent,0.991668,0.196624,0.207667,0.236654,high
2016-01-20,0.947828,turbulent,0.994275,0.193051,0.201713,0.208815,high
2016-01-21,0.832652,turbulent,0.993338,0.193711,0.199696,0.198127,high
2016-01-22,0.993747,turbulent,0.999895,0.207791,0.195988,0.181087,high
2016-01-25,0.999504,turbulent,0.999981,0.209021,0.206278,0.20897,high
2016-01-26,0.994456,turbulent,0.999718,0.212361,0.213147,0.226218,high
2016-01-27,0.958492,turbulent,0.994582,0.212611,0.21875,0.231498,high
2016-01-28,0.783731,turbulent,0.990078,0.213339,0.214661,0.212067,high
2016-01-29,0.999925,turbulent,0.999997,0.237215,0.20815,0.186395,high
2016-02-01,0.841962,turbulent,0.993873,0.237015,0.23003,0.248551,high
2016-02-02,0.999721,turbulent,0.999954,0.245292,0.223046,0.21733,high
2016-02-03,0.90815,turbulent,0.991866,0.246509,0.232029,0.24265,high
2016-02-04,0.72382,turbulent,0.98898,0.24692,0.22775,0.21978,high
2016-02-05,0.997843,turbulent,0.999918,0.248654,0.221417,0.194364,high
2016-02-08,0.999945,turbulent,0.999984,0.248619,0.227161,0.216927,high
2016-02-09,0.868024,turbulent,0.981384,0.246297,0.236907,0.245822,high
2016-02-10,0.664285,turbulent,0.980161,0.246606,0.229818,0.215749,high
2016-02-11,0.974797,turbulent,0.998703,0.248926,0.22291,0.189618,high
2016-02-12,0.99876,turbulent,0.99998,0.248263,0.223567,0.19682,high
2016-02-16,0.997874,turbulent,0.999962,0.253863,0.233089,0.225156,high
2016-02-17,0.994172,turbulent,0.99935,0.252061,0.239681,0.238281,high
2016-02-18,0.88976,turbulent,0.984906,0.252248,0.243114,0.240075,high
2016-02-19,0.711273,turbulent,0.982875,0.248686,0.236194,0.212366,high
2016-02-22,0.970539,turbulent,0.998327,0.254443,0.229008,0.186826,high
2016-02-23,0.984277,turbulent,0.995411,0.250244,0.233249,0.203439,high
2016-02-24,0.840956,turbulent,0.9786,0.23998,0.231026,0.198763,high
2016-02-25,0.854874,turbulent,0.977106,0.235322,0.225135,0.178542,high
2016-02-26,0.648417,turbulent,0.969802,0.232334,0.223039,0.174862,high
2016-02-29,0.714315,turbulent,0.983404,0.234574,0.216351,0.15522,high
2016-03-01,0.998592,turbulent,0.999485,0.229135,0.211581,0.148234,high
2016-03-02,0.873794,turbulent,0.945913,0.229828,0.225881,0.207012,high
2016-03-03,0.763722,turbulent,0.917738,0.21388,0.220659,0.186913,high
2016-03-04,0.556781,turbulent,0.902509,0.212873,0.216232,0.172488,high
2016-03-07,0.366847,calm,0.916012,0.212849,0.210195,0.154596,high
2016-03-08,0.95709,turbulent,0.968504,0.208738,0.204311,0.139652,high
2016-03-09,0.8015,turbulent,0.936309,0.186626,0.207361,0.167404,high
2016-03-10,0.592671,turbulent,0.929109,0.185606,0.202167,0.152255,high
2016-03-11,0.982738,turbulent,0.950991,0.192985,0.196042,0.136195,high
2016-03-14,0.845915,turbulent,0.625342,0.180676,0.206095,0.181129,high
2016-03-15,0.788989,turbulent,0.476523,0.175292,0.199956,0.161262,high
2016-03-16,0.721233,turbulent,0.36612,0.166773,0.194951,0.149169,high
2016-03-17,0.654063,turbulent,0.256821,0.159898,0.192353,0.145302,high
2016-03-18,0.475443,calm,0.152212,0.157366,0.189744,0.141868,high
2016-03-21,0.321134,calm,0.100319,0.157402,0.185156,0.131444,high
2016-03-22,0.216141,calm,0.0828599,0.149793,0.179532,0.119317,high
2016-03-23,0.516829,turbulent,0.0857459,0.146852,0.174095,0.109569,high
2016-03-24,0.35741,calm,0.0576939,0.147401,0.173007,0.123131,high
2016-03-28,0.218576,calm,0.0498668,0.144163,0.167771,0.112673,high
2016-03-29,0.26574,calm,0.05794,0.146271,0.162797,0.103929,high
2016-03-30,0.164646,calm,0.0570386,0.141385,0.162627,0.115437,high
2016-03-31,0.110663,calm,0.0730093,0.120039,0.158182,0.107339,high
2016-04-01,0.0848543,calm,0.120977,0.119197,0.15338,0.0994034,high
2016-04-04,0.14288,calm,0.227217,0.12052,0.149708,0.096435,high
2016-04-05,0.484908,calm,0.355575,0.127485,0.146825,0.10031,high
2016-04-06,0.527038,turbulent,0.384987,0.131378,0.148123,0.12028,high
2016-04-07,0.90623,turbulent,0.396681,0.126519,0.149343,0.128268,high
2016-04-08,0.724491,turbulent,0.273147,0.126176,0.152854,0.146633,high
2016-04-11,0.557061,turbulent,0.220548,0.126639,0.149215,0.133962,high
2016-04-12,0.584525,turbulent,0.206615,0.111449,0.144809,0.122054,high
2016-04-13,0.695215,turbulent,0.176112,0.117331,0.146182,0.129276,high
2016-04-14,0.551679,turbulent,0.0918416,0.11563,0.14929,0.139939,high
2016-04-15,0.364783,calm,0.0507762,0.112444,0.145051,0.127708,high
2016-04-18,0.274883,calm,0.0362639,0.110781,0.140644,0.115934,mid
2016-04-19,0.17437,calm,0.0277204,0.110237,0.138879,0.113929,mid
2016-04-20,0.115678,calm,0.0283075,0.110067,0.135566,0.107128,mid
2016-04-21,0.204039,calm,0.0405708,0.113197,0.131459,0.0992325,mid
2016-04-22,0.151746,calm,0.0482195,0.10749,0.130035,0.105109,mid
2016-04-25,0.154143,calm,0.0661097,0.108846,0.128238,0.10402,mid
2016-04-26,0.122292,calm,0.0981493,0.110007,0.125216,0.101361,mid
2016-04-27,0.0960437,calm,0.157,0.106636,0.123721,0.101457,mid
2016-04-28,0.541437,turbulent,0.276226,0.116165,0.121698,0.099612,mid
2016-04-29,0.620611,turbulent,0.277558,0.119207,0.126876,0.126269,mid
2016-05-02,0.539556,turbulent,0.273486,0.121636,0.125925,0.125614,mid
2016-05-03,0.806351,turbulent,0.275654,0.125501,0.126369,0.125392,mid
2016-05-04,0.805219,turbulent,0.224024,0.121874,0.128752,0.135364,mid
2016-05-05,0.607681,turbulent,0.169904,0.116385,0.127443,0.131646,mid
2016-05-06,0.402662,calm,0.156614,0.107102,0.123561,0.119253,mid
2016-05-09,0.254124,calm,0.172661,0.106278,0.120316,0.110016,mid
2016-05-10,0.419164,calm,0.233204,0.113219,0.116673,0.101555,mid
2016-05-11,0.731493,turbulent,0.245706,0.114715,0.122777,0.122662,mid
2016-05-12,0.546076,turbulent,0.210221,0.10649,0.125415,0.133412,mid
2016-05-13,0.698713,turbulent,0.209808,0.109768,0.12164,0.121049,mid
2016-05-16,0.667484,turbulent,0.189842,0.11544,0.122163,0.125548,mid
2016-05-17,0.73626,turbulent,0.161511,0.115128,0.124368,0.12941,mid
2016-05-18,0.562837,turbulent,0.12189,0.113778,0.123862,0.12895,mid
2016-05-19,0.518842,turbulent,0.111455,0.11426,0.120213,0.117779,mid
2016-05-20,0.533465,turbulent,0.109883,0.11906,0.117942,0.113613,mid
2016-05-23,0.38544,calm,0.0978521,0.116686,0.120933,0.122194,mid
2016-05-24,0.663894,turbulent,0.105876,0.126827,0.117406,0.112435,mid
2016-05-25,0.517224,turbulent,0.0580219,0.12717,0.126101,0.136603,mid
2016-05-26,0.3565,calm,0.0280523,0.125726,0.124981,0.129633,mid
2016-05-27,0.241194,calm,0.0155413,0.119593,0.121215,0.117932,mid
2016-05-31,0.152459,calm,0.00874229,0.116471,0.119364,0.112455,mid
2016-06-01,0.101114,calm,0.00654043,0.113328,0.115762,0.10352,mid
2016-06-02,0.0791067,calm,0.00700713,0.106901,0.112448,0.0966243,mid
2016-06-03,0.095916,calm,0.00935432,0.104511,0.110275,0.0939916,low
2016-06-06,0.0847827,calm,0.0126837,0.105412,0.10776,0.093052,low
2016-06-07,0.0685672,calm,0.0188297,0.105524,0.106849,0.0944198,low
2016-06-08,0.0608639,calm,0.0348569,0.105632,0.10449,0.0911275,low
2016-06-09,0.0715066,calm,0.0726241,0.0994146,0.10228,0.0887615,low
2016-06-10,0.547555,turbulent,0.150768,0.103132,0.0995469,0.0869439,low
2016-06-13,0.734533,turbulent,0.135976,0.108521,0.108148,0.121795,low
2016-06-14,0.613981,turbulent,0.0922491,0.104679,0.110283,0.128024,low
2016-06-15,0.417121,calm,0.0709061,0.0996374,0.107646,0.119078,low
2016-06-16,0.257979,calm,0.070714,0.0955796,0.104379,0.1089,low
2016-06-17,0.160177,calm,0.0918711,0.0952088,0.101399,0.100859,low
2016-06-20,0.151244,calm,0.153337,0.0956107,0.0984116,0.0942745,low
2016-06-21,0.100422,calm,0.235863,0.0905056,0.10011,0.101017,low
2016-06-22,0.0882159,calm,0.445962,0.0904648,0.0973255,0.094671,low
2016-06-23,0.389488,calm,0.916592,0.0921293,0.0945298,0.0904681,low
2016-06-24,1,turbulent,1,0.16874,0.108368,0.128389,low
2016-06-27,0.999993,turbulent,1,0.188845,0.188312,0.298226,high
2016-06-28,0.996867,turbulent,0.999948,0.202071,0.207643,0.313358,high
2016-06-29,0.995885,turbulent,0.999755,0.21431,0.215399,0.301022,high
2016-06-30,0.982345,turbulent,0.992746,0.221449,0.221758,0.290008,high
2016-07-01,0.81337,turbulent,0.941631,0.221126,0.223405,0.271803,high
2016-07-05,0.940236,turbulent,0.929001,0.224145,0.21683,0.237456,high
2016-07-06,0.78709,turbulent,0.864816,0.224193,0.214537,0.222234,high
2016-07-07,0.586713,turbulent,0.838298,0.223765,0.209261,0.198116,high
2016-07-08,0.953867,turbulent,0.849389,0.232816,0.202887,0.174657,high
2016-07-11,0.779978,turbulent,0.523956,0.232977,0.209245,0.195116,high
2016-07-12,0.779545,turbulent,0.383199,0.230561,0.203438,0.173435,high
2016-07-13,0.591659,turbulent,0.168737,0.227651,0.201705,0.168348,high
2016-07-14,0.40155,calm,0.077693,0.226973,0.19558,0.149894,high
2016-07-15,0.274064,calm,0.0362816,0.227186,0.190349,0.136378,high
2016-07-18,0.167558,calm,0.018408,0.227177,0.184595,0.123591,high
2016-07-19,0.143989,calm,0.0119636,0.227806,0.179131,0.112878,high
2016-07-20,0.104992,calm,0.0087965,0.227107,0.173986,0.106286,high
2016-07-21,0.113127,calm,0.00785227,0.227873,0.169733,0.102443,high
2016-07-22,0.102165,calm,0.0072681,0.228159,0.165096,0.0993644,high
2016-07-25,0.0942229,calm,0.00620117,0.223708,0.162091,0.101085,high
2016-07-26,0.075803,calm,0.00623137,0.165176,0.15735,0.0961319,high
2016-07-27,0.1214,calm,0.00765356,0.132157,0.153478,0.0937184,high
2016-07-28,0.0858278,calm,0.00688739,0.119861,0.150132,0.0967842,high
2016-07-29,0.0684402,calm,0.00861161,0.105738,0.146033,0.0923443,high
2016-08-01,0.094815,calm,0.0147424,0.097082,0.141666,0.0875732,mid
2016-08-02,0.320053,calm,0.02325,0.104429,0.138201,0.0893289,mid
2016-08-03,0.224634,calm,0.0156643,0.0954785,0.138855,0.108657,mid
2016-08-04,0.152595,calm,0.0116845,0.094822,0.136547,0.106333,mid
2016-08-05,0.188707,calm,0.0124005,0.0983672,0.132407,0.0989674,mid
2016-08-08,0.127897,calm,0.00748437,0.0790357,0.133656,0.11027,mid
2016-08-09,0.103407,calm,0.00591705,0.0789669,0.129586,0.101904,mid
2016-08-10,0.101379,calm,0.00578509,0.0713158,0.125753,0.0960621,mid
2016-08-11,0.094454,calm,0.00602853,0.0742145,0.122346,0.093094,mid
2016-08-12,0.0810261,calm,0.00543531,0.0732818,0.121291,0.0963935,mid
2016-08-15,0.0707462,calm,0.00624928,0.074464,0.117649,0.0913076,mid
2016-08-16,0.152646,calm,0.0081999,0.0784945,0.11554,0.0908532,mid
2016-08-17,0.102303,calm,0.00541534,0.0777344,0.114875,0.0990391,mid
2016-08-18,0.0842026,calm,0.00475286,0.0779536,0.111469,0.092835,mid
2016-08-19,0.0700045,calm,0.00407678,0.0766104,0.109912,0.0928611,low
2016-08-22,0.0649465,calm,0.00434472,0.0736795,0.10657,0.0879392,low
2016-08-23,0.0587621,calm,0.0056211,0.0738254,0.103329,0.0843054,low
2016-08-24,0.143879,calm,0.00869519,0.0767952,0.101074,0.083335,low
2016-08-25,0.105012,calm,0.00672703,0.0744072,0.101393,0.0945183,low
2016-08-26,0.104546,calm,0.00715268,0.0745342,0.0983191,0.0895188,low
2016-08-29,0.0908335,calm,0.0083998,0.0771333,0.0959395,0.0884165,low
2016-08-30,0.0864468,calm,0.0104538,0.0760315,0.0958089,0.0914234,low
2016-08-31,0.103403,calm,0.0159889,0.0689883,0.093186,0.0884992,low
2016-09-01,0.0844253,calm,0.0247411,0.0664876,0.0914445,0.0893213,low
2016-09-02,0.0774063,calm,0.047294,0.068773,0.0886969,0.0856122,low
2016-09-06,0.0643394,calm,0.0898899,0.060809,0.0887269,0.0886812,low
2016-09-07,0.057423,calm,0.19784,0.0610332,0.0861581,0.0847126,low
2016-09-08,0.0729189,calm,0.466634,0.061657,0.0838534,0.0819508,low
2016-09-09,0.999848,turbulent,0.999982,0.113041,0.0819549,0.0825426,low
2016-09-12,0.980542,turbulent,0.998763,0.123684,0.131832,0.202703,mid
2016-09-13,0.998464,turbulent,0.993646,0.136557,0.140837,0.203414,mid
2016-09-14,0.864244,turbulent,0.69886,0.134847,0.151906,0.215325,high
2016-09-15,0.807253,turbulent,0.566216,0.138978,0.147449,0.189895,high
2016-09-16,0.716218,turbulent,0.415549,0.139287,0.147946,0.17851,high
2016-09-19,0.499736,calm,0.324949,0.138095,0.144351,0.161437,high
2016-09-20,0.363287,calm,0.297937,0.138015,0.140276,0.144316,mid
2016-09-21,0.600364,turbulent,0.305692,0.146936,0.136176,0.130639,mid
2016-09-22,0.494289,calm,0.249358,0.149111,0.141835,0.145659,mid
2016-09-23,0.499868,calm,0.21134,0.148513,0.140723,0.138918,mid
2016-09-26,0.610152,turbulent,0.183312,0.150491,0.13808,0.131774,mid
2016-09-27,0.423828,calm,0.143558,0.151378,0.136866,0.130811,mid
2016-09-28,0.326428,calm,0.132428,0.152007,0.133958,0.12153,mid
2016-09-29,0.581355,turbulent,0.132815,0.155031,0.132724,0.118801,mid
2016-09-30,0.502176,turbulent,0.105251,0.157554,0.133467,0.127013,mid
2016-10-03,0.449423,calm,0.0819397,0.158236,0.133378,0.126233,mid
2016-10-04,0.499728,calm,0.0695344,0.15808,0.130369,0.119418,mid
2016-10-05,0.334672,calm,0.0556516,0.159093,0.128661,0.118493,mid
2016-10-06,0.20869,calm,0.0553875,0.158919,0.126099,0.111792,mid
2016-10-07,0.232435,calm,0.0733065,0.159506,0.122289,0.102984,mid
2016-10-10,0.157999,calm,0.0981289,0.128515,0.120152,0.103251,mid
2016-10-11,0.837767,turbulent,0.153492,0.127889,0.11816,0.10058,mid
2016-10-12,0.628415,turbulent,0.0707899,0.113062,0.127849,0.139167,mid
2016-10-13,0.509076,turbulent,0.0382583,0.113407,0.12415,0.125568,mid
2016-10-14,0.348979,calm,0.0209867,0.107949,0.120927,0.116806,mid
2016-10-17,0.282868,calm,0.0146066,0.107525,0.117279,0.107473,mid
2016-10-18,0.225327,calm,0.0115575,0.110225,0.114342,0.102692,mid
2016-10-19,0.14594,calm,0.00828905,0.110928,0.114323,0.105176,mid
2016-10-20,0.113462,calm,0.00765629,0.100327,0.112005,0.100395,mid
2016-10-21,0.0970884,calm,0.00935147,0.0959446,0.108717,0.0948272,low
2016-10-24,0.0752114,calm,0.0142853,0.0956617,0.105592,0.0907658,low
2016-10-25,0.153456,calm,0.0264798,0.0948865,0.103391,0.0886372,low
2016-10-26,0.11779,calm,0.0348559,0.0930921,0.103297,0.0970985,low
2016-10-27,0.179998,calm,0.0580122,0.0903517,0.100283,0.0922324,low
2016-10-28,0.12081,calm,0.0820774,0.0858313,0.099887,0.0979146,low
2016-10-31,0.0848474,calm,0.146916,0.080114,0.0968478,0.0919378,low
2016-11-01,0.320481,calm,0.308719,0.0847705,0.0943379,0.0878852,low
2016-11-02,0.454591,calm,0.373209,0.0857202,0.0988074,0.108812,low
2016-11-03,0.362632,calm,0.42293,0.0828396,0.0999976,0.114219,low
2016-11-04,0.22677,calm,0.529958,0.0828283,0.0976525,0.107827,low
2016-11-07,0.967911,turbulent,0.805767,0.115665,0.0947152,0.0997926,low
2016-11-08,0.797849,turbulent,0.558031,0.114935,0.125253,0.170416,mid
2016-11-09,0.834437,turbulent,0.454326,0.110898,0.122307,0.152724,mid
2016-11-10,0.649436,turbulent,0.231152,0.111888,0.127388,0.156207,mid
2016-11-11,0.457233,calm,0.122098,0.111105,0.125068,0.142547,mid
2016-11-14,0.352258,calm,0.0785826,0.112837,0.121262,0.128284,mid
2016-11-15,0.281544,calm,0.0504988,0.113485,0.120695,0.123938,mid
2016-11-16,0.241172,calm,0.0302932,0.113137,0.120486,0.121483,mid
2016-11-17,0.169531,calm,0.0189459,0.113714,0.117572,0.114222,mid
2016-11-18,0.144185,calm,0.0131837,0.114185,0.116066,0.110065,mid
2016-11-21,0.143389,calm,0.0109681,0.115879,0.112987,0.10397,mid
2016-11-22,0.0970788,calm,0.00684329,0.115764,0.113854,0.108415,mid
2016-11-23,0.073243,calm,0.00549279,0.111884,0.111024,0.101526,mid
2016-11-25,0.0635254,calm,0.00598052,0.111255,0.108116,0.0956275,low
2016-11-28,0.136845,calm,0.00814295,0.111614,0.105848,0.0924477,low
2016-11-29,0.0942266,calm,0.0061344,0.111432,0.105472,0.0992215,low
2016-11-30,0.0844283,calm,0.00656977,0.112243,0.102354,0.0929705,low
2016-12-01,0.11597,calm,0.00880366,0.106663,0.0993891,0.0891106,low
2016-12-02,0.0828107,calm,0.0101914,0.100517,0.0979289,0.0917892,low
2016-12-05,0.0925742,calm,0.0167056,0.099203,0.095146,0.087271,low
2016-12-06,0.0758411,calm,0.0238594,0.098745,0.0966482,0.0949896,low
2016-12-07,0.303284,calm,0.0410766,0.0828366,0.0953476,0.0932344,low
2016-12-08,0.192152,calm,0.0235258,0.0828742,0.107289,0.125639,low
2016-12-09,0.121908,calm,0.0166719,0.0766137,0.105246,0.116541,low
2016-12-12,0.122184,calm,0.0170282,0.0789276,0.102524,0.107567,low
2016-12-13,0.0895718,calm,0.02065,0.078523,0.100197,0.103012,low
2016-12-14,0.426687,calm,0.0324474,0.0896242,0.0984771,0.0987292,low
2016-12-15,0.266153,calm,0.0162917,0.0874806,0.104411,0.120751,low
2016-12-16,0.204675,calm,0.00979065,0.0867828,0.101987,0.111524,low
2016-12-19,0.130113,calm,0.00635092,0.0855732,0.0993025,0.10477,low
2016-12-20,0.0936181,calm,0.00565992,0.0847443,0.0963847,0.097398,low
2016-12-21,0.0923843,calm,0.00616922,0.0827124,0.0948174,0.0943597,low
2016-12-22,0.109603,calm,0.00750031,0.0842042,0.0923842,0.0913859,low
2016-12-23,0.0793231,calm,0.00865373,0.084072,0.0907563,0.091735,low
2016-12-27,0.0651241,calm,0.0139817,0.0838074,0.0883186,0.0874341,low
2016-12-28,0.336936,calm,0.0274131,0.0891882,0.0864651,0.0852056,low
2016-12-29,0.210368,calm,0.0181602,0.0891728,0.0929637,0.110401,low
2016-12-30,0.19673,calm,0.0172779,0.0902254,0.0901703,0.101863,low
2017-01-03,0.177067,calm,0.0186465,0.0916018,0.0886417,0.0996094,low
2017-01-04,0.227229,calm,0.0194317,0.096701,0.0911079,0.104706,low
2017-01-05,0.197751,calm,0.0127499,0.0956025,0.0966104,0.115912,low
2017-01-06,0.125579,calm,0.00873533,0.0950293,0.0945411,0.109625,low
2017-01-09,0.176623,calm,0.0083645,0.0847568,0.0923836,0.102394,low
2017-01-10,0.114201,calm,0.00523232,0.0836332,0.0921281,0.104208,low
2017-01-11,0.0819856,calm,0.00417927,0.0837675,0.0895069,0.0970417,low
2017-01-12,0.0815917,calm,0.00402654,0.0832741,0.0874978,0.0923772,low
2017-01-13,0.0655959,calm,0.00382711,0.0822763,0.08517,0.0892862,low
2017-01-17,0.0752707,calm,0.00443091,0.0730456,0.0829835,0.085644,low
2017-01-18,0.0628101,calm,0.00495573,0.0728537,0.0809751,0.0847656,low
2017-01-19,0.103961,calm,0.00700164,0.0744264,0.0792491,0.0828022,low
2017-01-20,0.0796373,calm,0.00727348,0.0755681,0.0790615,0.0881186,low
2017-01-23,0.0871019,calm,0.00973063,0.0748733,0.0782282,0.0871218,low
2017-01-24,0.144029,calm,0.01447,0.0820834,0.0765614,0.0864338,low
2017-01-25,0.131739,calm,0.0120622,0.0837171,0.0839303,0.104159,low
2017-01-26,0.119198,calm,0.0092229,0.0845871,0.0861998,0.106606,low
2017-01-27,0.110605,calm,0.00831453,0.0849633,0.0841781,0.101227,low
2017-01-30,0.179021,calm,0.00892455,0.0791482,0.0822127,0.0969728,low
2017-01-31,0.117009,calm,0.00579582,0.0791486,0.0831336,0.101813,low
2017-02-01,0.103867,calm,0.00504701,0.0781348,0.0806817,0.094996,low
2017-02-02,0.0766892,calm,0.00475338,0.0741036,0.0786434,0.0914891,low
2017-02-03,0.0893311,calm,0.00598908,0.0703929,0.0765294,0.0870859,low
2017-02-06,0.0907348,calm,0.00512389,0.0698824,0.0796974,0.0950781,low
2017-02-07,0.0811817,calm,0.00447954,0.0695359,0.077856,0.0920843,low
2017-02-08,0.0654873,calm,0.00449014,0.0665431,0.0756383,0.0882411,low
2017-02-09,0.081566,calm,0.00571088,0.0705202,0.0740022,0.0852185,low
2017-02-10,0.0718229,calm,0.00481436,0.0715516,0.0773652,0.093686,low
2017-02-13,0.0641762,calm,0.00413653,0.0714743,0.0773951,0.0929796,low
2017-02-14,0.0572932,calm,0.00370929,0.0715181,0.0768329,0.091192,low
2017-02-15,0.0575456,calm,0.00394291,0.0709175,0.0750728,0.0873535,low
2017-02-16,0.0680811,calm,0.00417542,0.0719612,0.0748073,0.0873299,low
2017-02-17,0.0592177,calm,0.00438526,0.068257,0.0729655,0.0855723,low
2017-02-21,0.073801,calm,0.00588198,0.0702856,0.071108,0.0825921,low
2017-02-22,0.0846073,calm,0.005835,0.0703828,0.0741979,0.090659,low
2017-02-23,0.0848423,calm,0.00601163,0.0650966,0.0727586,0.0892974,low
2017-02-24,0.0681193,calm,0.00709863,0.0618561,0.0710324,0.0872006,low
2017-02-27,0.05915,calm,0.0109203,0.0603932,0.070036,0.0852769,low
2017-02-28,0.0920856,calm,0.0212274,0.0620297,0.0683885,0.0825354,low
2017-03-01,0.230385,calm,0.035555,0.0669791,0.0683141,0.0864216,low
2017-03-02,0.331156,calm,0.0292322,0.0737901,0.0817057,0.113852,low
2017-03-03,0.217966,calm,0.0174457,0.0729355,0.08351,0.116083,low
2017-03-06,0.224294,calm,0.0140026,0.0762466,0.0809893,0.10675,low
2017-03-07,0.219502,calm,0.0108212,0.0756046,0.0804717,0.104936,low
2017-03-08,0.177712,calm,0.00785996,0.0756965,0.0797148,0.102854,low
2017-03-09,0.127755,calm,0.0063464,0.0755732,0.077949,0.0983276,low
2017-03-10,0.0909961,calm,0.00677842,0.0759987,0.0756532,0.0928136,low
2017-03-13,0.0703816,calm,0.00932964,0.072476,0.0748016,0.0902824,low
2017-03-14,0.10398,calm,0.0169967,0.0730676,0.0728175,0.0861425,low
2017-03-15,0.191414,calm,0.0265505,0.0809738,0.072676,0.089524,low
2017-03-16,0.159756,calm,0.0239188,0.0815362,0.0825228,0.110094,low
2017-03-17,0.110519,calm,0.0271164,0.080242,0.0806781,0.104076,low
2017-03-20,0.109768,calm,0.0423156,0.0806097,0.0782209,0.0968725,low
2017-03-21,0.676064,turbulent,0.0724327,0.0926807,0.0766805,0.0942119,low
2017-03-22,0.461678,calm,0.0319952,0.0892291,0.0903091,0.128804,low
2017-03-23,0.299945,calm,0.0156717,0.0889488,0.088047,0.117381,low
2017-03-24,0.198759,calm,0.00933007,0.0887688,0.0853666,0.107567,low
2017-03-27,0.1429,calm,0.0072431,0.0877075,0.0827962,0.0999421,low
2017-03-28,0.144096,calm,0.00743515,0.0924346,0.0803988,0.0943016,low
2017-03-29,0.0968726,calm,0.0049391,0.0919675,0.0840203,0.101909,low
2017-03-30,0.0730022,calm,0.00404508,0.0807523,0.0821317,0.0960141,low
2017-03-31,0.068087,calm,0.0041141,0.0775427,0.0800784,0.0909385,low
2017-04-03,0.0909539,calm,0.00487951,0.0784202,0.0776791,0.0868496,low
2017-04-04,0.080973,calm,0.00459346,0.077074,0.0766539,0.0881968,low
2017-04-05,0.0946327,calm,0.00505445,0.0765397,0.0744634,0.0851902,low
2017-04-06,0.0808519,calm,0.00494693,0.0783296,0.0733028,0.0861062,low
2017-04-07,0.0750576,calm,0.00479649,0.0783757,0.0739775,0.0882173,low
2017-04-10,0.0624508,calm,0.00555132,0.0776406,0.0718607,0.085154,low
2017-04-11,0.0594986,calm,0.00843972,0.0774148,0.0701994,0.0825346,low
2017-04-12,0.132788,calm,0.0158764,0.0789725,0.0680641,0.0799498,low
2017-04-13,0.238057,calm,0.0195791,0.0711916,0.0703464,0.0908127,low
2017-04-17,0.226522,calm,0.0172815,0.0780208,0.0734306,0.100537,low
2017-04-18,0.192916,calm,0.0124583,0.078532,0.0784833,0.107627,low
2017-04-19,0.12888,calm,0.0101526,0.0781005,0.0770468,0.102835,low
2017-04-20,0.135974,calm,0.0121373,0.0687076,0.0747002,0.0958841,low
2017-04-21,0.129534,calm,0.0118354,0.0694986,0.0790907,0.103354,low
2017-04-24,0.178547,calm,0.0135745,0.0770388,0.0776219,0.0995058,low
2017-04-25,0.130075,calm,0.00870161,0.0785608,0.0845466,0.111879,low
2017-04-26,0.0929896,calm,0.00564604,0.0781899,0.0847118,0.10801,low
2017-04-27,0.0761169,calm,0.0048047,0.0740819,0.0821485,0.0999531,low
2017-04-28,0.105829,calm,0.00530048,0.0756887,0.0796475,0.0936605,low
2017-05-01,0.0844855,calm,0.00421869,0.0754634,0.0789934,0.0945925,low
2017-05-02,0.0677296,calm,0.00399141,0.0754579,0.0766073,0.0895867,low
2017-05-03,0.0878547,calm,0.00475423,0.0753093,0.0744375,0.085428,low
2017-05-04,0.0704412,calm,0.00464327,0.0750964,0.0734032,0.086662,low
2017-05-05,0.0753943,calm,0.00597432,0.0765083,0.0712284,0.0830634,low
2017-05-08,0.0785692,calm,0.0065648,0.0754786,0.0734571,0.0891093,low
2017-05-09,0.0689904,calm,0.00845394,0.0752768,0.0716648,0.0869265,low
2017-05-10,0.0603084,calm,0.0143046,0.0756177,0.069486,0.0834783,low
2017-05-11,0.0968162,calm,0.0285981,0.0777067,0.0685136,0.0823667,low
2017-05-12,0.125951,calm,0.0482174,0.075997,0.0686758,0.0869681,low
2017-05-15,0.103935,calm,0.0768501,0.0730014,0.0688404,0.0902689,low
2017-05-16,0.102596,calm,0.129871,0.0690271,0.0706818,0.0929586,low
2017-05-17,0.869103,turbulent,0.236029,0.0889996,0.0693217,0.0908439,low
2017-05-18,0.665811,turbulent,0.121597,0.0895276,0.0912329,0.140735,low
2017-05-19,0.569207,turbulent,0.0757333,0.0894723,0.089134,0.127457,low
2017-05-22,0.403655,calm,0.0376668,0.090474,0.0920114,0.126055,low
2017-05-23,0.261185,calm,0.0175054,0.0838482,0.0917217,0.119027,low
2017-05-24,0.160558,calm,0.0092823,0.0817545,0.0889277,0.108956,low
2017-05-25,0.109239,calm,0.0063396,0.0829739,0.0864564,0.100909,low
2017-05-26,0.085065,calm,0.00522058,0.0829775,0.0852594,0.0968735,low
2017-05-30,0.084634,calm,0.00567881,0.0818701,0.0826666,0.0912636,low
2017-05-31,0.0687286,calm,0.00694004,0.0818644,0.0805589,0.0886245,low
2017-06-01,0.144293,calm,0.0114291,0.0895993,0.0781679,0.084591,low
2017-06-02,0.0975804,calm,0.00709918,0.0883425,0.0865559,0.105885,low
2017-06-05,0.09793,calm,0.0060712,0.0891978,0.0840816,0.0983354,low
2017-06-06,0.115501,calm,0.00555311,0.0880645,0.0821628,0.0948761,low
2017-06-07,0.0856977,calm,0.0040476,0.0876612,0.0810735,0.0945791,low
2017-06-08,0.0689766,calm,0.00353821,0.0876544,0.0786165,0.089276,low
2017-06-09,0.0627508,calm,0.00365315,0.0881417,0.0763068,0.0851103,low
2017-06-12,0.0575547,calm,0.0036879,0.0862799,0.0758025,0.0852897,low
2017-06-13,0.0623679,calm,0.00448105,0.0856079,0.073608,0.0820378,low
2017-06-14,0.0712495,calm,0.00478067,0.0845162,0.0745593,0.0859614,low
2017-06-15,0.0763438,calm,0.00537957,0.0842212,0.0727462,0.0846037,low
2017-06-16,0.0682558,calm,0.00664212,0.0586231,0.0709918,0.0835537,low
2017-06-19,0.0737882,calm,0.0105909,0.060821,0.068839,0.0809288,low
2017-06-20,0.233455,calm,0.0157304,0.0659352,0.0712265,0.0875137,low
2017-06-21,0.191254,calm,0.010174,0.0650619,0.0764891,0.103822,low
2017-06-22,0.12729,calm,0.00705958,0.0650375,0.0749566,0.0993845,low
2017-06-23,0.0884869,calm,0.0068518,0.0654018,0.0726765,0.0931122,low
2017-06-26,0.069316,calm,0.00924343,0.0647907,0.0713132,0.0892643,low
2017-06-27,0.15563,calm,0.0161831,0.0695383,0.0700454,0.0863632,low
2017-06-28,0.146677,calm,0.0180917,0.0734837,0.0727264,0.096511,low
2017-06-29,0.262717,calm,0.01951,0.078484,0.0766374,0.102351,low
2017-06-30,0.16203,calm,0.01426,0.0696872,0.0793917,0.109091,low
2017-07-03,0.111605,calm,0.0149393,0.071143,0.0778572,0.102013,low
2017-07-05,0.0991111,calm,0.020781,0.0708389,0.0773261,0.0982172,low
2017-07-06,0.443602,calm,0.035036,0.0795033,0.07535,0.0937966,low
2017-07-07,0.327452,calm,0.0206333,0.0827727,0.0843914,0.11778,low
2017-07-10,0.208298,calm,0.011132,0.0827249,0.0856404,0.114703,low
2017-07-11,0.14852,calm,0.00779255,0.0814304,0.0830345,0.10539,low
2017-07-12,0.133947,calm,0.00713374,0.0853249,0.0806266,0.0986008,low
2017-07-13,0.0916687,calm,0.00500966,0.0835931,0.0831157,0.102455,low
2017-07-14,0.0765601,calm,0.00448254,0.0847936,0.0812477,0.0964185,low
2017-07-17,0.0638355,calm,0.00405743,0.0843827,0.0809445,0.0948053,low
2017-07-18,0.0748166,calm,0.00466797,0.0849587,0.0786406,0.0895244,low
2017-07-19,0.0829824,calm,0.00527542,0.0855165,0.0768267,0.0878079,low
2017-07-20,0.0770489,calm,0.00421165,0.079512,0.0793012,0.0940614,low
2017-07-21,0.0650571,calm,0.00364917,0.0784402,0.0770429,0.0898024,low
2017-07-24,0.0702492,calm,0.0037854,0.0789595,0.0747574,0.0855076,low
2017-07-25,0.0645909,calm,0.00384496,0.0797444,0.0727975,0.0837717,low
2017-07-26,0.0695846,calm,0.00375103,0.0799116,0.0727969,0.084973,low
2017-07-27,0.0681754,calm,0.0035919,0.0755761,0.0708839,0.0832908,low
2017-07-28,0.0679347,calm,0.00359898,0.0717613,0.0688365,0.0812563,low
2017-07-31,0.0663962,calm,0.00373581,0.0662651,0.0668772,0.0798024,low
2017-08-01,0.0601883,calm,0.00421937,0.0658103,0.064922,0.0784547,low
2017-08-02,0.0690614,calm,0.00587506,0.0651348,0.0629921,0.0767606,low
2017-08-03,0.0791235,calm,0.00870837,0.0654502,0.0615535,0.0775561,low
2017-08-04,0.0648395,calm,0.0137104,0.0509681,0.060496,0.0791142,low
2017-08-07,0.0594171,calm,0.0273675,0.0469042,0.0589328,0.0774446,low
2017-08-08,0.0744558,calm,0.0616444,0.0483711,0.0571909,0.0759944,low
2017-08-09,0.0752539,calm,0.128395,0.0486619,0.0564295,0.0782557,low
2017-08-10,0.763587,turbulent,0.27467,0.0669589,0.0551067,0.0782572,low
2017-08-11,0.556697,turbulent,0.226139,0.0660956,0.078458,0.129035,low
2017-08-14,0.518187,turbulent,0.220019,0.0720393,0.0760931,0.117019,low
2017-08-15,0.401076,calm,0.212112,0.0721647,0.0819305,0.121411,low
2017-08-16,0.246502,calm,0.230199,0.0725376,0.0800682,0.112937,low
2017-08-17,0.913661,turbulent,0.298536,0.0841721,0.0782048,0.104574,low
2017-08-18,0.771078,turbulent,0.1563,0.0842272,0.0961637,0.144366,low
2017-08-21,0.564123,turbulent,0.0882425,0.0841503,0.093651,0.13115,low
2017-08-22,0.537428,turbulent,0.0633245,0.0921647,0.0908218,0.118752,low
2017-08-23,0.427666,calm,0.0326499,0.0901755,0.0953917,0.12351,low
2017-08-24,0.295643,calm,0.0162184,0.0901623,0.0931761,0.115055,low
2017-08-25,0.182729,calm,0.00898826,0.091559,0.0904563,0.106368,low
2017-08-28,0.132053,calm,0.00606844,0.0915586,0.088666,0.100244,low
2017-08-29,0.10286,calm,0.00502923,0.0915561,0.086058,0.0944355,low
2017-08-30,0.0808644,calm,0.00509726,0.0933788,0.0835342,0.0898849,low
2017-08-31,0.0753248,calm,0.00583862,0.0958864,0.0828272,0.0892568,low
2017-09-01,0.0644327,calm,0.00668551,0.0966549,0.0832041,0.0912675,low
2017-09-05,0.16332,calm,0.00969454,0.0993159,0.0819643,0.089039,low
2017-09-06,0.11014,calm,0.00672619,0.100455,0.0841244,0.0997043,low
2017-09-07,0.0904808,calm,0.00584444,0.100151,0.082946,0.0957465,low
2017-09-08,0.0722783,calm,0.00653903,0.10008,0.0805187,0.0909009,low
2017-09-11,0.135661,calm,0.0100237,0.0915908,0.078097,0.0863668,low
2017-09-12,0.0957313,calm,0.00613516,0.0921591,0.0856559,0.105042,low
2017-09-13,0.0754637,calm,0.00420062,0.0873691,0.0844474,0.0999829,low
2017-09-14,0.0626462,calm,0.00342615,0.086694,0.0818895,0.0935453,low
2017-09-15,0.0595394,calm,0.00313872,0.0865447,0.0798727,0.0890569,low
2017-09-18,0.0557099,calm,0.0030495,0.0640206,0.077443,0.0849878,low
2017-09-19,0.0616762,calm,0.00319391,0.0633061,0.0752433,0.0818578,low
2017-09-20,0.0564615,calm,0.00313333,0.0631827,0.0730977,0.0803475,low
2017-09-21,0.067941,calm,0.00337632,0.0577678,0.071105,0.0783861,low
2017-09-22,0.0591073,calm,0.00305274,0.0559025,0.0694292,0.0789807,low
2017-09-25,0.0556344,calm,0.0029355,0.0551354,0.0677378,0.0776248,low
2017-09-26,0.0542486,calm,0.00295177,0.0547271,0.0658307,0.0761997,low
2017-09-27,0.0541049,calm,0.0031087,0.0545755,0.0639418,0.0750815,low
2017-09-28,0.0539274,calm,0.00305301,0.0538324,0.0636467,0.0769394,low
2017-09-29,0.0537083,calm,0.0032072,0.053343,0.0617797,0.0756135,low
2017-10-02,0.0544682,calm,0.00327488,0.0521078,0.0614966,0.0771128,low
2017-10-03,0.052799,calm,0.00313151,0.0515184,0.0616018,0.0789206,low
2017-10-04,0.0521702,calm,0.00327157,0.0411669,0.0601348,0.07748,low
2017-10-05,0.0534166,calm,0.00362796,0.0411505,0.0593417,0.0773936,low
2017-10-06,0.0672834,calm,0.00409733,0.0424822,0.0594527,0.0788849,low
2017-10-09,0.0884929,calm,0.00435076,0.046267,0.0583143,0.0795987,low
2017-10-10,0.0689352,calm,0.00347857,0.0342416,0.0581735,0.0826089,low
2017-10-11,0.0618528,calm,0.00312571,0.0329627,0.0571232,0.0806943,low
2017-10-12,0.0600214,calm,0.00301045,0.033139,0.0554129,0.0784796,low
2017-10-13,0.0564047,calm,0.0029254,0.0328858,0.0537256,0.076949,low
2017-10-16,0.0561099,calm,0.00295583,0.0328485,0.0522233,0.0756421,low
2017-10-17,0.0567411,calm,0.00305135,0.0330251,0.0506468,0.0746738,low
2017-10-18,0.0550782,calm,0.00324059,0.0320627,0.0491042,0.0740281,low
2017-10-19,0.0533113,calm,0.00381232,0.0320659,0.0477168,0.073426,low
2017-10-20,0.0651824,calm,0.00529716,0.0347726,0.0466311,0.073177,low
2017-10-23,0.0878473,calm,0.00583406,0.0389266,0.0516218,0.0823186,low
2017-10-24,0.0697614,calm,0.00578228,0.0389312,0.0519577,0.0847147,low
2017-10-25,0.154203,calm,0.00798259,0.0475389,0.0505421,0.0815938,low
2017-10-26,0.101858,calm,0.00526985,0.0466064,0.0553714,0.0931572,low
2017-10-27,0.077092,calm,0.00454107,0.0466076,0.0542272,0.0885543,low
2017-10-30,0.112443,calm,0.00517634,0.0490227,0.0526889,0.0845436,low
2017-10-31,0.0813522,calm,0.00378575,0.0474339,0.0541443,0.0888583,low
2017-11-01,0.067161,calm,0.00328107,0.0471536,0.0527688,0.0848986,low
2017-11-02,0.0651817,calm,0.00318462,0.0462679,0.0512523,0.0817,low
2017-11-03,0.0580448,calm,0.00308147,0.044558,0.0497604,0.0797593,low
2017-11-06,0.0554063,calm,0.0032343,0.0453324,0.048629,0.0779809,low
2017-11-07,0.0625235,calm,0.00338196,0.0436727,0.0489959,0.0785952,low
2017-11-08,0.0565549,calm,0.0033764,0.0434496,0.0478033,0.0780991,low
2017-11-09,0.0733623,calm,0.00385087,0.0447324,0.0469306,0.0769242,low
2017-11-10,0.0645014,calm,0.00359453,0.0447269,0.0467596,0.0790787,low
2017-11-13,0.057569,calm,0.00392226,0.0449883,0.0453513,0.0772744,low
2017-11-14,0.0621833,calm,0.00520496,0.0452134,0.0444992,0.0762096,low
2017-11-15,0.115451,calm,0.00784777,0.049157,0.0433536,0.0760045,low
2017-11-16,0.127387,calm,0.00786696,0.0570228,0.0470176,0.0853809,low
2017-11-17,0.0883487,calm,0.00496322,0.0571001,0.05572,0.0965028,low
2017-11-20,0.0701258,calm,0.00392204,0.0526535,0.0544524,0.0910544,low
2017-11-21,0.0613217,calm,0.00382423,0.0522817,0.0529364,0.0865099,low
2017-11-22,0.0589236,calm,0.00413684,0.0522166,0.053072,0.0850375,low
2017-11-24,0.0568813,calm,0.00544827,0.0457543,0.0514598,0.0818748,low
2017-11-27,0.0608107,calm,0.00896661,0.0457718,0.0499284,0.0793806,low
2017-11-28,0.160439,calm,0.0168998,0.0597385,0.0485319,0.078184,low
2017-11-29,0.117451,calm,0.0121411,0.0578156,0.0650757,0.10583,low
2017-11-30,0.114343,calm,0.0104527,0.0612742,0.0663372,0.102912,low
2017-12-01,0.103263,calm,0.00794899,0.0627096,0.0703549,0.105759,low
2017-12-04,0.0761481,calm,0.00727788,0.062191,0.0687367,0.100001,low
2017-12-05,0.162697,calm,0.00957674,0.0687186,0.0672597,0.0941983,low
2017-12-06,0.131273,calm,0.00687529,0.0692452,0.0701876,0.10176,low
2017-12-07,0.0948473,calm,0.00573022,0.0694569,0.0685012,0.0966586,low
2017-12-08,0.0914998,calm,0.00574684,0.0717876,0.0684528,0.0940219,low
2017-12-11,0.0715628,calm,0.00471671,0.0700568,0.0711744,0.0973362,low
2017-12-12,0.0660604,calm,0.00518922,0.0702732,0.0691281,0.0914617,low
2017-12-13,0.065413,calm,0.00724473,0.0708429,0.067037,0.0870854,low
2017-12-14,0.132613,calm,0.0122515,0.0751549,0.0650772,0.0840164,low
2017-12-15,0.164712,calm,0.0139098,0.075682,0.0673059,0.0927052,low
2017-12-18,0.141515,calm,0.0105855,0.0745766,0.0746522,0.105237,low
2017-12-19,0.129457,calm,0.00710374,0.0764802,0.0774107,0.106697,low
2017-12-20,0.0944619,calm,0.00463819,0.076682,0.0758696,0.101701,low
2017-12-21,0.0718272,calm,0.00361343,0.0764482,0.0735584,0.0949919,low
2017-12-22,0.0624282,calm,0.00324958,0.0763198,0.0718088,0.0901216,low
2017-12-26,0.0567907,calm,0.00326644,0.0761916,0.0696927,0.0857587,low
2017-12-27,0.0570375,calm,0.0037,0.0758407,0.0678244,0.0825498,low
2017-12-28,0.0539492,calm,0.00477866,0.0671923,0.0657586,0.0799981,low
2017-12-29,0.103646,calm,0.0074484,0.0693364,0.0644856,0.0788739,low
2018-01-02,0.111739,calm,0.00782052,0.0698981,0.0657005,0.0865922,low
2018-01-03,0.0903422,calm,0.0059997,0.0705163,0.0705513,0.095792,low
2018-01-04,0.0698901,calm,0.004714,0.0705476,0.0714414,0.0953947,low
2018-01-05,0.0678191,calm,0.00480432,0.0655601,0.0699396,0.0907119,low
2018-01-08,0.0598263,calm,0.00473643,0.0641619,0.0709083,0.0916994,low
2018-01-09,0.0609779,calm,0.00579529,0.0643113,0.069907,0.0886949,low
2018-01-10,0.0758268,calm,0.00882532,0.063791,0.0678163,0.0850727,low
2018-01-11,0.109988,calm,0.0138705,0.0688689,0.0666059,0.0849927,low
2018-01-12,0.0955694,calm,0.0149342,0.0699246,0.0733651,0.0988607,low
2018-01-16,0.165324,calm,0.0184348,0.0749402,0.0749674,0.0994998,low
2018-01-17,0.160884,calm,0.0186666,0.0721075,0.0764735,0.103729,low
2018-01-18,0.132343,calm,0.0175088,0.0694299,0.0805341,0.108568,low
2018-01-19,0.107887,calm,0.0213879,0.0685471,0.0785422,0.10222,low
2018-01-22,0.105195,calm,0.0299124,0.068461,0.0796468,0.101787,low
2018-01-23,0.0779872,calm,0.0422819,0.0679501,0.0820244,0.104324,low
2018-01-24,0.0674416,calm,0.075837,0.0684659,0.0804805,0.098425,low
2018-01-25,0.065358,calm,0.159854,0.0691127,0.0780303,0.0923656,low
2018-01-26,0.110985,calm,0.358318,0.0732148,0.0756996,0.0879891,low
2018-01-29,0.235966,calm,0.545857,0.0810159,0.0821229,0.102762,low
2018-01-30,0.670443,turbulent,0.696479,0.0940288,0.0847962,0.110398,low
2018-01-31,0.471282,calm,0.72137,0.090835,0.0933423,0.130101,low
2018-02-01,0.366079,calm,0.811543,0.0896644,0.0904996,0.117952,low
2018-02-02,0.995725,turbulent,0.999366,0.115567,0.088363,0.110318,low
2018-02-05,1,turbulent,1,0.17215,0.115978,0.172792,mid
2018-02-06,0.965631,turbulent,0.960832,0.178392,0.181737,0.294305,high
2018-02-07,0.838843,turbulent,0.834276,0.177716,0.183754,0.270185,high
