trading_start,pair,y,x,beta,eg_stat,pvalue,half_life,ssd,spread_sd
2014-02-10,DG/CELG,DG,CELG,0.497577,-5.6773,0.0005,2.79627,23.9983,0.0231462
2014-02-10,PX/MA,PX,MA,0.320747,-5.59704,0.0005,2.68283,13.4005,0.0115347
2014-02-10,MMM/MA,MMM,MA,0.564371,-5.31029,0.0005,3.48762,20.8894,0.0149147
2014-02-10,DFS/PCAR,DFS,PCAR,1.38616,-5.30983,0.0005,3.62958,21.225,0.0254776
2014-02-10,TJX/TSCO,TJX,TSCO,0.837186,-5.28962,0.0005,4.45556,12.4538,0.0215115
2014-02-10,IT/CVS,IT,CVS,1.0393,-5.20047,0.0005,3.18603,18.0393,0.0239593
2014-02-10,CBS/PKG,CBS,PKG,0.765698,-5.13671,0.0005,3.31855,15.8504,0.0239673
2014-02-10,PX/MMM,PX,MMM,0.56081,-5.1027,0.0005,3.10011,23.3912,0.0112595
2014-02-10,PNC/WFC,PNC,WFC,0.857774,-5.04237,0.0005,3.624,16.7941,0.0128003
2014-02-10,HII/CTAS,HII,CTAS,2.061,-5.00818,0.0005,8.61638,29.0006,0.0439249
2014-02-10,LOW/HAL,LOW,HAL,0.909548,-4.96985,0.0005,3.7149,28.6928,0.0283309
2014-02-10,PX/ALGN,PX,ALGN,0.21414,-4.95667,0.0005,3.42641,22.6891,0.014594
2014-02-10,HON/NOC,HON,NOC,0.406413,-4.95182,0.0005,4.94013,21.9305,0.0166926
2014-02-10,MHK/FISV,MHK,FISV,0.918639,-4.93892,0.0005,2.95237,13.0663,0.023103
2014-02-10,DLTR/KR,DLTR,KR,0.842911,-4.90898,0.0005,3.90496,18.025,0.0246421
2014-02-10,PX/ADS,PX,ADS,0.281795,-4.88948,0.0005,3.34553,28.4541,0.0132582
2014-02-10,MMC/TSCO,MMC,TSCO,0.685279,-4.88538,0.0005,4.98891,24.2719,0.0189264
2014-02-10,SNA/NOC,SNA,NOC,0.515373,-4.87963,0.0005,4.58146,14.6273,0.0197361
2014-02-10,DAL/ADS,DAL,ADS,1.35941,-4.86692,0.0005,5.49848,11.7599,0.0498022
2014-02-10,UHS/CBS,UHS,CBS,0.952651,-4.78019,0.0005,7.12379,26.8555,0.0356393
2014-08-11,EXPE/FIS,EXPE,FIS,2.42569,-5.87461,0.0005,3.20359,23.6638,0.043912
2014-08-11,HON/AAP,HON,AAP,0.277938,-5.33524,0.0005,4.08308,32.5932,0.0161581
2014-08-11,PX/AME,PX,AME,0.551303,-5.24499,0.0005,2.95728,26.4061,0.0110411
2014-08-11,CTSH/FLS,CTSH,FLS,0.936773,-5.22304,0.0005,3.12779,28.997,0.0272604
2014-08-11,HON/EXPE,HON,EXPE,0.265197,-5.17949,0.0005,5.23387,34.3064,0.0178167
2014-08-11,NWL/NDAQ,NWL,NDAQ,0.692385,-5.13825,0.0005,4.49691,31.2044,0.0225801
2014-08-11,APD/ATVI,APD,ATVI,0.667382,-5.13626,0.0005,3.57313,26.2759,0.0229964
2014-08-11,MS/WYN,MS,WYN,0.769519,-5.06027,0.0005,3.98563,30.4521,0.021146
2014-08-11,ETFC/WYNN,ETFC,WYNN,0.828749,-5.05018,0.0005,5.61282,26.256,0.0424115
2014-08-11,PPG/MMC,PPG,MMC,1.20574,-5.04728,0.0005,3.14481,15.6989,0.0166593
2014-08-11,MCO/DFS,MCO,DFS,1.18467,-5.00987,0.0005,3.68517,21.6679,0.0225062
2014-08-11,VMC/PKG,VMC,PKG,1.07085,-4.98097,0.0005,3.29565,31.9736,0.0319413
2014-08-11,GGP/AWK,GGP,AWK,1.0748,-4.9687,0.0005,4.50806,32.5018,0.021645
2014-08-11,CMS/XEL,CMS,XEL,1.04057,-4.92808,0.0005,4.11662,10.0967,0.00910989
2014-08-11,DIS/URI,DIS,URI,0.459202,-4.92254,0.0005,5.54977,21.9186,0.0203999
2014-08-11,TEL/DVA,TEL,DVA,0.758687,-4.91831,0.0005,3.528,31.8984,0.021549
2014-08-11,PPG/NSC,PPG,NSC,0.736742,-4.87635,0.0005,3.39188,16.4602,0.0179892
2014-08-11,HON/AAL,HON,AAL,0.147551,-4.86245,0.0005,3.9027,26.9707,0.0154186
2014-08-11,HSIC/AXP,HSIC,AXP,0.567038,-4.83051,0.0005,3.55522,23.3819,0.0127859
2014-08-11,ETFC/VMC,ETFC,VMC,1.26025,-4.80595,0.0005,3.74541,28.4879,0.0419998
2015-02-10,NI/MO,NI,MO,0.578403,-5.49391,0.0005,3.99522,24.1047,0.0201099
2015-02-10,JWN/CI,JWN,CI,0.757096,-5.39245,0.0005,2.92008,32.8877,0.0247867
2015-02-10,LB/COST,LB,COST,1.76473,-5.26842,0.0005,4.03181,11.6775,0.0317259
2015-02-10,LUV/FISV,LUV,FISV,2.53916,-5.13329,0.0005,6.7402,15.3264,0.0510887
2015-02-10,ABT/APD,ABT,APD,0.715844,-5.08243,0.0005,2.99948,30.3037,0.0164164
2015-02-10,SWKS/DIS,SWKS,DIS,3.87049,-5.03364,0.0005,5.1758,31.6738,0.0807482
2015-02-10,RHI/ANDV,RHI,ANDV,0.796306,-4.98714,0.0005,3.59138,16.9044,0.0309805
2015-02-10,CINF/ALK,CINF,ALK,0.256104,-4.93411,0.0005,3.42258,40.7174,0.0131915
2015-02-10,CI/EA,CI,EA,0.551643,-4.86473,0.0005,3.4878,16.2231,0.0251621
2015-02-10,JWN/RHI,JWN,RHI,0.65119,-4.82256,0.0005,3.70178,32.0428,0.0244494
2015-02-10,MS/BBY,MS,BBY,0.473307,-4.81853,0.0005,4.47323,38.3075,0.0265336
2015-02-10,SNA/ANDV,SNA,ANDV,0.47725,-4.80326,0.0005,3.87621,24.2816,0.0225453
2015-02-10,AVGO/AGN,AVGO,AGN,1.615,-4.80272,0.0005,7.72273,35.0297,0.0648799
2015-02-10,AMP/IRM,AMP,IRM,0.521999,-4.7918,0.0005,4.32791,37.0926,0.0279236
2015-02-10,CVX/SLB,CVX,SLB,0.634084,-4.77516,0.0005,5.46168,19.5008,0.0181112
2015-02-10,JWN/AWK,JWN,AWK,1.12036,-4.76104,0.0005,3.74182,40.5089,0.0278075
2015-02-10,PEP/LRCX,PEP,LRCX,0.403597,-4.74962,0.0005,4.28951,21.0458,0.0180926
2015-02-10,TJX/CBOE,TJX,CBOE,0.721324,-4.74542,0.0005,3.69841,29.2423,0.0251236
2015-02-10,SHW/NOC,SHW,NOC,1.21539,-4.72726,0.0005,3.61854,27.3186,0.0236136
2015-02-10,NI/DPS,NI,DPS,0.54903,-4.7063,0.0005,3.99016,37.2746,0.0205669
2015-08-11,ABT/SNPS,ABT,SNPS,0.670228,-6.0143,0.0005,2.20459,39.3866,0.0133256
2015-08-11,ABT/SNA,ABT,SNA,0.604156,-5.52355,0.0005,3.02542,19.254,0.0148768
2015-08-11,CTL/ARNC,CTL,ARNC,0.678081,-5.4237,0.0005,2.87866,14.9118,0.0254894
2015-08-11,D/DTE,D,DTE,0.808822,-5.3663,0.0005,2.90454,18.1953,0.0102832
2015-08-11,HUM/AET,HUM,AET,1.01979,-5.29027,0.0005,6.14995,25.2233,0.0398111
2015-08-11,NWL/EA,NWL,EA,0.316743,-5.14867,0.0005,3.85715,14.6161,0.0183197
2015-08-11,ADBE/ANSS,ADBE,ANSS,0.975477,-5.09681,0.0005,3.13185,29.1232,0.0204628
2015-08-11,XOM/CHK,XOM,CHK,0.192502,-5.08835,0.0005,3.44714,27.4478,0.0167098
2015-08-11,DHI/TSCO,DHI,TSCO,0.670391,-5.06358,0.0005,6.0246,38.0859,0.0347142
2015-08-11,KEY/NTRS,KEY,NTRS,0.879318,-5.03285,0.0005,3.1507,36.8963,0.0159723
2015-08-11,RHI/WHR,RHI,WHR,0.621222,-5.02316,0.0005,3.54842,36.6411,0.0228208
2015-08-11,WFC/STI,WFC,STI,0.703332,-4.99634,0.0005,3.42297,16.8929,0.00962784
2015-08-11,ABT/HBAN,ABT,HBAN,0.883096,-4.98727,0.0005,3.32837,37.8423,0.0173393
2015-08-11,ABT/TSS,ABT,TSS,0.465379,-4.91904,0.0005,3.40381,29.9084,0.0151257
2015-08-11,FISV/EA,FISV,EA,0.424769,-4.84629,0.0005,3.86535,26.105,0.0158712
2015-08-11,RE/EA,RE,EA,0.199244,-4.81381,0.0005,3.55846,36.1365,0.0146955
2015-08-11,SCHW/AIG,SCHW,AIG,1.06386,-4.79923,0.0005,4.0172,33.2966,0.0244274
2015-08-11,WHR/MMM,WHR,MMM,1.83522,-4.78235,0.0005,3.64995,24.0173,0.0331892
2015-08-11,EXPE/EQIX,EXPE,EQIX,1.12679,-4.76215,0.0005,3.52739,33.3395,0.0368878
2015-08-11,HON/AON,HON,AON,0.64854,-4.7033,0.00050859,3.18282,30.8833,0.015718
2016-02-10,RF/NTRS,RF,NTRS,1.11316,-5.63648,0.0005,3.24239,12.0268,0.0162775
2016-02-10,HD/VRSN,HD,VRSN,0.472477,-5.37778,0.0005,3.10506,32.3285,0.0171397
2016-02-10,PCAR/AES,PCAR,AES,0.835807,-5.20384,0.0005,3.66362,40.948,0.0287955
2016-02-10,NUE/PH,NUE,PH,0.906991,-5.13571,0.0005,3.10277,19.5747,0.0246602
2016-02-10,DISH/AMP,DISH,AMP,1.03239,-5.03035,0.0005,4.62818,23.5669,0.0277879
2016-02-10,ESRX/FITB,ESRX,FITB,0.727839,-4.96263,0.0005,3.61636,40.7048,0.0232945
2016-02-10,WHR/IP,WHR,IP,0.811188,-4.81306,0.0005,3.9507,35.4638,0.0344269
2016-02-10,APA/NBL,APA,NBL,1.0337,-4.80491,0.0005,5.09605,17.2498,0.0400511
2016-02-10,XEL/CMS,XEL,CMS,0.888296,-4.7943,0.0005,3.55765,13.1646,0.00929912
2016-02-10,UTX/VIAB,UTX,VIAB,0.516865,-4.79291,0.0005,8.49632,32.6758,0.0378335
2016-02-10,RF/PRU,RF,PRU,0.994389,-4.76415,0.0005,3.40248,28.6614,0.0166526
2016-02-10,MAA/CLX,MAA,CLX,1.05647,-4.64414,0.000708344,4.93444,32.6408,0.0210017
2016-02-10,NTRS/PRU,NTRS,PRU,0.871728,-4.6429,0.000712519,3.70595,29.5957,0.0146624
2016-02-10,GILD/ZION,GILD,ZION,0.737906,-4.603,0.000847261,4.91431,51.7634,0.0338504
2016-02-10,STT/MS,STT,MS,0.826152,-4.59781,0.000864796,3.91312,44.0477,0.0200297
2016-02-10,BBT/MET,BBT,MET,0.732794,-4.59332,0.000879941,7.92958,30.9484,0.0217385
2016-02-10,COF/GS,COF,GS,1.05702,-4.59211,0.000884029,3.84321,25.8042,0.0226489
2016-02-10,L/MON,L,MON,0.457451,-4.58998,0.000891236,3.8916,25.6288,0.0171524
2016-02-10,PHM/HOG,PHM,HOG,0.67715,-4.55941,0.00099444,3.30019,46.0932,0.0325133
2016-02-10,CMA/MET,CMA,MET,1.17868,-4.49925,0.00134461,9.88121,52.3213,0.0375342
2016-08-10,XEL/CMS,XEL,CMS,0.884516,-6.06355,0.0005,2.17135,6.28057,0.00654412
2016-08-10,DOV/LEG,DOV,LEG,0.808911,-5.61216,0.0005,4.51107,52.6732,0.028685
2016-08-10,NWL/SWK,NWL,SWK,1.20187,-5.27823,0.0005,3.34089,26.1491,0.0286502
2016-08-10,HAL/PNR,HAL,PNR,1.10412,-5.26107,0.0005,4.43051,42.4361,0.0368019
2016-08-10,TXT/FITB,TXT,FITB,0.782481,-5.03957,0.0005,4.34568,51.3646,0.0314933
2016-08-10,A/BDX,A,BDX,1.10576,-5.03657,0.0005,5.25583,24.1666,0.0240427
2016-08-10,MO/PCG,MO,PCG,0.877518,-4.98557,0.0005,6.44335,47.2744,0.0227069
2016-08-10,EFX/LMT,EFX,LMT,1.36781,-4.89745,0.0005,4.76489,30.3972,0.0267036
2016-08-10,REG/DLR,REG,DLR,0.576203,-4.88374,0.0005,4.48489,15.9655,0.0184311
2016-08-10,CA/UNH,CA,UNH,0.906696,-4.87262,0.0005,4.01871,32.676,0.0261282
2016-08-10,CVX/ACN,CVX,ACN,1.30297,-4.82772,0.0005,6.00973,51.3722,0.0399664
2016-08-10,MO/DLR,MO,DLR,0.427976,-4.82007,0.0005,4.10705,25.2377,0.0173535
2016-08-10,L/BAX,L,BAX,0.419517,-4.80995,0.0005,4.64028,47.7115,0.0198681
2016-08-10,UNH/CNP,UNH,CNP,0.647604,-4.70451,0.00050449,4.1471,28.507,0.0264661
2016-08-10,JNJ/ALGN,JNJ,ALGN,0.627933,-4.69234,0.0005456,3.58318,15.4163,0.0207083
2016-08-10,ULTA/AMD,ULTA,AMD,0.384821,-4.67785,0.000594511,3.42668,25.0931,0.0411675
2016-08-10,APH/LEG,APH,LEG,0.737212,-4.67285,0.000611386,5.56279,32.6229,0.0229392
2016-08-10,LMT/BSX,LMT,BSX,0.512885,-4.66759,0.000629161,4.55152,24.6595,0.0192546
2016-08-10,HON/SHW,HON,SHW,0.804075,-4.65587,0.000668718,4.99897,38.4454,0.023662
2016-08-10,FLR/EMR,FLR,EMR,1.00493,-4.63489,0.00073958,4.01056,26.6373,0.024458
2017-02-09,A/FIS,A,FIS,0.782604,-5.41531,0.0005,4.39789,33.2071,0.0231068
2017-02-09,UNP/NVDA,UNP,NVDA,0.222478,-5.39583,0.0005,5.86825,34.9798,0.0312274
2017-02-09,PKG/MTD,PKG,MTD,1.90981,-5.36721,0.0005,3.41912,31.4459,0.0378533
2017-02-09,AON/ARE,AON,ARE,0.431509,-5.34182,0.0005,2.92894,24.2766,0.0149018
2017-02-09,DFS/TXT,DFS,TXT,1.07699,-5.29633,0.0005,4.34217,11.8076,0.022733
2017-02-09,AON/CXO,AON,CXO,0.367486,-5.14644,0.0005,3.30254,46.5841,0.0174154
2017-02-09,XL/ALK,XL,ALK,0.350021,-5.00809,0.0005,3.55704,44.6311,0.0210718
2017-02-09,ED/DUK,ED,DUK,0.919659,-4.9827,0.0005,3.19293,15.9744,0.00879841
2017-02-09,CB/ALB,CB,ALB,0.231388,-4.95466,0.0005,3.4055,44.8724,0.0152308
2017-02-09,EXPD/EOG,EXPD,EOG,0.335308,-4.94435,0.0005,3.26006,42.6426,0.0162767
2017-02-09,MPC/BBY,MPC,BBY,0.778309,-4.79024,0.0005,4.16167,40.9322,0.047495
2017-02-09,AON/ALB,AON,ALB,0.306761,-4.71693,0.0005,4.03361,35.2738,0.0160015
2017-02-09,PH/ADI,PH,ADI,1.00503,-4.71304,0.0005,4.92357,24.8763,0.0283977
2017-02-09,EXPD/CAT,EXPD,CAT,0.389413,-4.69293,0.000543593,3.65055,35.8076,0.0160245
2017-02-09,EXPD/IP,EXPD,IP,0.362135,-4.68883,0.000557436,3.62536,36.9221,0.015761
2017-02-09,CXO/AOS,CXO,AOS,1.03955,-4.6847,0.000571384,4.38541,31.2556,0.0418068
2017-02-09,MKC/NI,MKC,NI,0.65995,-4.63356,0.000744059,5.39735,43.2433,0.0170467
2017-02-09,EXPD/ADI,EXPD,ADI,0.399383,-4.62653,0.000767816,3.94537,38.7228,0.0165658
2017-02-09,PKG/CHTR,PKG,CHTR,1.05335,-4.61609,0.000803056,5.59421,32.6121,0.0459047
2017-02-09,CXO/AMZN,CXO,AMZN,0.901509,-4.61401,0.000810096,4.252,33.8889,0.0431476
